com.samsung.shealth.tracker.floors_day_summary,6307003,1
create_sh_ver,binning_data,modify_sh_ver,update_time,create_time,floor_count,version_code,deviceuuid,pkg_name,datauuid,day_time
62810050,7c2f25d5-26e1-4259-9a36-24b41ad42aef.binning_data.json,62810050,2024-10-24 12:14:51.225,2024-10-24 12:14:51.225,0,2,ZYfDZ77fyr,com.sec.android.app.shealth,7c2f25d5-26e1-4259-9a36-24b41ad42aef,1729728000000,
62920010,52cc183e-d1c3-4ec7-8a73-43c3f091d676.binning_data.json,62930070,2025-03-17 03:50:13.010,2025-02-22 03:43:16.434,6,2,ZYfDZ77fyr,com.sec.android.app.shealth,52cc183e-d1c3-4ec7-8a73-43c3f091d676,1740096000000,
62930070,4ae71511-ba08-4ad5-a173-4577269b05cc.binning_data.json,62930070,2025-03-17 03:50:13.076,2025-02-23 15:08:07.273,1,2,ZYfDZ77fyr,com.sec.android.app.shealth,4ae71511-ba08-4ad5-a173-4577269b05cc,1740182400000,
62930070,48a80173-87c1-43da-a688-3e5e7039427e.binning_data.json,62930070,2025-03-17 03:50:12.172,2025-02-24 03:45:36.462,2,2,ZYfDZ77fyr,com.sec.android.app.shealth,48a80173-87c1-43da-a688-3e5e7039427e,1740268800000,
62930070,548417de-7937-45c8-90c8-071668adbd27.binning_data.json,62930070,2025-03-17 03:50:12.681,2025-02-24 18:59:06.887,8,2,ZYfDZ77fyr,com.sec.android.app.shealth,548417de-7937-45c8-90c8-071668adbd27,1740355200000,
62930070,00c45217-bd84-4330-b8e5-57df1506f03e.binning_data.json,62930070,2025-03-17 03:50:13.730,2025-02-25 16:32:45.475,6,2,ZYfDZ77fyr,com.sec.android.app.shealth,00c45217-bd84-4330-b8e5-57df1506f03e,1740441600000,
62930070,39be8da7-0d68-4387-8b12-1a66684f26bd.binning_data.json,62930070,2025-03-17 03:50:12.956,2025-02-26 15:08:08.640,9,2,ZYfDZ77fyr,com.sec.android.app.shealth,39be8da7-0d68-4387-8b12-1a66684f26bd,1740528000000,
62930070,cf8f9569-c3d1-4340-9a47-b9f3f437a0bf.binning_data.json,62930070,2025-03-17 03:50:12.091,2025-03-05 15:46:31.156,4,2,ZYfDZ77fyr,com.sec.android.app.shealth,cf8f9569-c3d1-4340-9a47-b9f3f437a0bf,1740700800000,
62930070,501a657e-5451-442d-b1f1-099e5cfec860.binning_data.json,62930070,2025-03-17 03:50:12.595,2025-03-05 15:46:31.368,9,2,ZYfDZ77fyr,com.sec.android.app.shealth,501a657e-5451-442d-b1f1-099e5cfec860,1740787200000,
62930070,5b770a2b-56aa-4f61-9606-6680a8647bac.binning_data.json,62930070,2025-03-17 03:50:12.876,2025-03-05 15:46:31.484,8,2,ZYfDZ77fyr,com.sec.android.app.shealth,5b770a2b-56aa-4f61-9606-6680a8647bac,1740960000000,
62930070,cd257d51-3cee-43fe-8ea4-40646044862d.binning_data.json,62930070,2025-03-17 03:50:13.491,2025-03-05 15:46:31.650,7,2,ZYfDZ77fyr,com.sec.android.app.shealth,cd257d51-3cee-43fe-8ea4-40646044862d,1741046400000,
62930070,ccdb8a6c-8742-4c24-9eb9-8ecbe24769ed.binning_data.json,62930070,2025-03-17 03:50:13.629,2025-03-05 15:46:31.666,7,2,ZYfDZ77fyr,com.sec.android.app.shealth,ccdb8a6c-8742-4c24-9eb9-8ecbe24769ed,1740614400000,
62930070,aa4406ef-9ce5-4c75-8a76-1ec493a3aaa0.binning_data.json,62930070,2025-03-17 03:50:11.989,2025-03-05 17:08:13.370,12,2,ZYfDZ77fyr,com.sec.android.app.shealth,aa4406ef-9ce5-4c75-8a76-1ec493a3aaa0,1741132800000,
62930070,589b7e7d-56c7-41f5-8130-361adb36701e.binning_data.json,62930070,2025-03-17 03:50:12.551,2025-03-06 16:32:43.056,7,2,ZYfDZ77fyr,com.sec.android.app.shealth,589b7e7d-56c7-41f5-8130-361adb36701e,1741219200000,
62930070,af12a209-5cee-432f-8a1d-096d54022b52.binning_data.json,62930070,2025-03-17 03:50:13.825,2025-03-07 17:34:10.000,7,2,ZYfDZ77fyr,com.sec.android.app.shealth,af12a209-5cee-432f-8a1d-096d54022b52,1741305600000,
62930070,d7582aa4-3154-485f-b018-6ea721c29d71.binning_data.json,62930070,2025-03-17 03:50:13.335,2025-03-09 17:52:35.067,3,2,ZYfDZ77fyr,com.sec.android.app.shealth,d7582aa4-3154-485f-b018-6ea721c29d71,1741478400000,
62930070,9500e3b1-ce7f-4a08-a4ab-fe3aaef77237.binning_data.json,62930070,2025-03-17 03:50:12.410,2025-03-11 16:02:14.194,5,2,ZYfDZ77fyr,com.sec.android.app.shealth,9500e3b1-ce7f-4a08-a4ab-fe3aaef77237,1741651200000,
62930070,55072211-8d5c-49a0-b841-6e962bcd0c51.binning_data.json,62950170,2025-04-09 01:59:13.712,2025-03-12 13:51:02.516,6,2,ZYfDZ77fyr,com.sec.android.app.shealth,55072211-8d5c-49a0-b841-6e962bcd0c51,1741737600000,
62930070,2814eed3-2a18-4a8b-b11c-50ab8e121f0c.binning_data.json,62950170,2025-04-09 17:38:02.214,2025-03-14 00:14:23.222,4,2,ZYfDZ77fyr,com.sec.android.app.shealth,2814eed3-2a18-4a8b-b11c-50ab8e121f0c,1741824000000,
62930070,1e3091e7-33f4-457b-a559-dd85597287c1.binning_data.json,62950170,2025-04-10 18:00:00.314,2025-03-14 14:13:49.317,2,2,ZYfDZ77fyr,com.sec.android.app.shealth,1e3091e7-33f4-457b-a559-dd85597287c1,1741910400000,
62930070,bd90c6d3-5188-481c-a65d-7bda1a001e58.binning_data.json,62950170,2025-04-11 19:20:41.266,2025-03-16 02:13:11.411,1,2,ZYfDZ77fyr,com.sec.android.app.shealth,bd90c6d3-5188-481c-a65d-7bda1a001e58,1741996800000,
62930070,2b548830-c81a-4ce2-85c0-c1ff247db86f.binning_data.json,62950170,2025-04-12 21:23:27.929,2025-03-17 03:50:11.197,5,2,ZYfDZ77fyr,com.sec.android.app.shealth,2b548830-c81a-4ce2-85c0-c1ff247db86f,1742083200000,
62950170,cf8ecdeb-25c9-4d17-8939-12e76e1ff283.binning_data.json,62950170,2025-05-01 14:10:24.276,2025-04-09 01:59:13.343,14,2,ZYfDZ77fyr,com.sec.android.app.shealth,cf8ecdeb-25c9-4d17-8939-12e76e1ff283,1743724800000,
62950170,d2ffc4ac-c854-46af-962d-d7831eab85e3.binning_data.json,62950170,2025-04-29 23:10:32.120,2025-04-09 01:59:13.433,4,2,ZYfDZ77fyr,com.sec.android.app.shealth,d2ffc4ac-c854-46af-962d-d7831eab85e3,1743552000000,
62950170,7c67f43e-05a3-4651-b383-bb92519d89d4.binning_data.json,62950170,2025-05-01 14:10:24.933,2025-04-09 01:59:13.471,9,2,ZYfDZ77fyr,com.sec.android.app.shealth,7c67f43e-05a3-4651-b383-bb92519d89d4,1743984000000,
62950170,63ca01e6-da88-40c1-aae0-bf81dd34ef9e.binning_data.json,62950170,2025-04-30 14:34:07.001,2025-04-09 01:59:13.555,7,2,ZYfDZ77fyr,com.sec.android.app.shealth,63ca01e6-da88-40c1-aae0-bf81dd34ef9e,1743638400000,
62950170,19358fa5-a2eb-4e6e-a990-24305e94e05d.binning_data.json,62950170,2025-04-28 21:34:57.437,2025-04-09 01:59:13.623,8,2,ZYfDZ77fyr,com.sec.android.app.shealth,19358fa5-a2eb-4e6e-a990-24305e94e05d,1743465600000,
62950170,c942f03c-016c-42c9-95fe-3365ae455d7e.binning_data.json,62950170,2025-05-01 14:10:25.979,2025-04-09 01:59:13.670,2,2,ZYfDZ77fyr,com.sec.android.app.shealth,c942f03c-016c-42c9-95fe-3365ae455d7e,1743897600000,
62950170,41d22e0b-b218-4913-bdde-a1ce35aa4bf6.binning_data.json,62950170,2025-05-01 14:10:24.473,2025-04-09 13:39:03.774,7,2,ZYfDZ77fyr,com.sec.android.app.shealth,41d22e0b-b218-4913-bdde-a1ce35aa4bf6,1744156800000,
62950170,5a9c5930-127d-4be3-a56e-87bff5862134.binning_data.json,62950170,2025-05-01 14:10:25.710,2025-04-10 14:47:58.353,8,2,ZYfDZ77fyr,com.sec.android.app.shealth,5a9c5930-127d-4be3-a56e-87bff5862134,1744243200000,
62950170,2a9657fd-c44d-406e-a27b-f6d24f6f23b6.binning_data.json,62950170,2025-05-01 14:10:25.936,2025-04-11 13:55:37.629,9,2,ZYfDZ77fyr,com.sec.android.app.shealth,2a9657fd-c44d-406e-a27b-f6d24f6f23b6,1744329600000,
62950170,194e825a-52e2-46de-af09-967ec48417e8.binning_data.json,62950170,2025-05-01 14:10:25.053,2025-04-13 15:35:41.484,3,2,ZYfDZ77fyr,com.sec.android.app.shealth,194e825a-52e2-46de-af09-967ec48417e8,1744502400000,
62950170,6c855814-f311-46b9-9d45-58f0396ed631.binning_data.json,62950170,2025-05-01 14:10:24.620,2025-04-18 13:55:41.818,5,2,ZYfDZ77fyr,com.sec.android.app.shealth,6c855814-f311-46b9-9d45-58f0396ed631,1744848000000,
62950170,a188ad8b-b668-4ac3-841e-291364a1f35b.binning_data.json,62950170,2025-05-01 14:10:25.580,2025-04-18 13:55:42.043,16,2,ZYfDZ77fyr,com.sec.android.app.shealth,a188ad8b-b668-4ac3-841e-291364a1f35b,1744675200000,
62950170,81afda41-ccfd-4a32-95c0-4308c4d13aac.binning_data.json,62950170,2025-05-01 14:10:25.872,2025-04-18 13:55:42.691,8,2,ZYfDZ77fyr,com.sec.android.app.shealth,81afda41-ccfd-4a32-95c0-4308c4d13aac,1744761600000,
62950170,b27e7ba0-b471-4e78-9b70-c129ccebcdb3.binning_data.json,62950170,2025-05-01 14:10:25.347,2025-04-18 14:22:07.163,9,2,ZYfDZ77fyr,com.sec.android.app.shealth,b27e7ba0-b471-4e78-9b70-c129ccebcdb3,1744934400000,
62950170,e6058753-beec-4b2f-bfc0-4fde35e3284b.binning_data.json,62950170,2025-05-01 14:10:25.542,2025-04-20 12:36:04.920,8,2,ZYfDZ77fyr,com.sec.android.app.shealth,e6058753-beec-4b2f-bfc0-4fde35e3284b,1745107200000,
62950170,36b89d80-d096-4e1d-b444-b419e9e50771.binning_data.json,62950170,2025-05-01 14:10:25.840,2025-04-21 13:44:23.038,8,2,ZYfDZ77fyr,com.sec.android.app.shealth,36b89d80-d096-4e1d-b444-b419e9e50771,1745193600000,
62950170,0e83cb6f-6cee-4076-a627-92633af04016.binning_data.json,62950170,2025-05-01 14:10:24.571,2025-04-22 15:41:03.792,2,2,ZYfDZ77fyr,com.sec.android.app.shealth,0e83cb6f-6cee-4076-a627-92633af04016,1745280000000,
62950170,b61378a9-e898-4c6e-b2d1-a1db3d937f9c.binning_data.json,62950170,2025-05-01 14:10:25.229,2025-04-23 17:00:27.727,8,2,ZYfDZ77fyr,com.sec.android.app.shealth,b61378a9-e898-4c6e-b2d1-a1db3d937f9c,1745366400000,
62950170,d33ddca8-704b-4966-a6f1-7b491caee6c5.binning_data.json,62950170,2025-05-01 14:10:24.353,2025-04-24 15:32:16.766,9,2,ZYfDZ77fyr,com.sec.android.app.shealth,d33ddca8-704b-4966-a6f1-7b491caee6c5,1745452800000,
62950170,053cb76c-be96-499b-9853-f23d98836a2d.binning_data.json,62950170,2025-05-01 14:10:25.503,2025-04-25 13:55:07.687,8,2,ZYfDZ77fyr,com.sec.android.app.shealth,053cb76c-be96-499b-9853-f23d98836a2d,1745539200000,
62950170,4fe68a15-3e5e-4ca8-8fb1-a5be38d8e9d5.binning_data.json,62950170,2025-05-01 14:10:24.515,2025-04-27 22:20:46.664,3,2,ZYfDZ77fyr,com.sec.android.app.shealth,4fe68a15-3e5e-4ca8-8fb1-a5be38d8e9d5,1745712000000,
62950170,8d09c772-16c4-4fff-868a-60f6472f1c6d.binning_data.json,62950170,2025-05-01 14:10:25.125,2025-04-28 18:17:25.962,9,2,ZYfDZ77fyr,com.sec.android.app.shealth,8d09c772-16c4-4fff-868a-60f6472f1c6d,1745798400000,
62950170,22a9d047-47da-4cfc-a821-c6d480265cbd.binning_data.json,62950170,2025-05-01 14:10:24.230,2025-04-29 18:12:25.495,5,2,ZYfDZ77fyr,com.sec.android.app.shealth,22a9d047-47da-4cfc-a821-c6d480265cbd,1745884800000,
62950170,e10110fd-e663-404c-9007-b89d8f4b3ad7.binning_data.json,62950170,2025-05-01 14:10:25.469,2025-04-30 14:34:07.033,3,2,ZYfDZ77fyr,com.sec.android.app.shealth,e10110fd-e663-404c-9007-b89d8f4b3ad7,1745971200000,
62950170,fea52552-b8a5-4416-bcba-25eb50c356d3.binning_data.json,62950170,2025-05-01 18:01:28.350,2025-05-01 14:10:23.659,1,2,ZYfDZ77fyr,com.sec.android.app.shealth,fea52552-b8a5-4416-bcba-25eb50c356d3,1746057600000,
62950170,6d992868-7a48-40e4-9733-00a755f48fda.binning_data.json,63010030,2025-06-23 21:06:30.478,2025-06-01 00:31:33.786,4,2,ZYfDZ77fyr,com.sec.android.app.shealth,6d992868-7a48-40e4-9733-00a755f48fda,1748304000000,
62950170,af34b80d-bf84-4a06-bac1-1ff1ec4f63d2.binning_data.json,63010030,2025-06-24 14:24:54.232,2025-06-01 00:31:34.131,3,2,ZYfDZ77fyr,com.sec.android.app.shealth,af34b80d-bf84-4a06-bac1-1ff1ec4f63d2,1748390400000,
62950170,55c5a614-6fbb-41d0-9115-f690834b3908.binning_data.json,63010030,2025-06-25 15:33:30.763,2025-06-02 00:30:47.935,1,2,ZYfDZ77fyr,com.sec.android.app.shealth,55c5a614-6fbb-41d0-9115-f690834b3908,1748736000000,
63010030,19bca894-9297-43e0-b6e6-3cacdbd24b1e.binning_data.json,63020270,2025-07-09 19:59:48.664,2025-06-15 15:22:11.238,2,2,ZYfDZ77fyr,com.sec.android.app.shealth,19bca894-9297-43e0-b6e6-3cacdbd24b1e,1749772800000,
63010030,46cb7102-67cf-4b3e-b9c9-409e7f12f989.binning_data.json,63010030,2025-06-25 15:33:30.601,2025-06-15 15:22:11.269,2,2,ZYfDZ77fyr,com.sec.android.app.shealth,46cb7102-67cf-4b3e-b9c9-409e7f12f989,1749340800000,
63010030,fe1590f3-ec8e-48f3-b56d-b592e3af68a6.binning_data.json,63020270,2025-07-09 19:59:48.951,2025-06-15 15:22:11.449,3,2,ZYfDZ77fyr,com.sec.android.app.shealth,fe1590f3-ec8e-48f3-b56d-b592e3af68a6,1749859200000,
63010030,c8b2fb74-acfa-4177-866e-2bbb79825841.binning_data.json,63010030,2025-06-25 15:33:30.911,2025-06-15 15:22:11.481,5,2,ZYfDZ77fyr,com.sec.android.app.shealth,c8b2fb74-acfa-4177-866e-2bbb79825841,1749427200000,
63010030,fd136701-d292-4897-a9a5-e45c0de07752.binning_data.json,63020270,2025-07-09 19:59:49.143,2025-06-15 15:22:11.512,4,2,ZYfDZ77fyr,com.sec.android.app.shealth,fd136701-d292-4897-a9a5-e45c0de07752,1749945600000,
63010030,2e2325d1-913e-4ccf-913d-96443ad6a075.binning_data.json,63020270,2025-07-09 19:59:48.763,2025-06-16 16:44:41.441,5,2,ZYfDZ77fyr,com.sec.android.app.shealth,2e2325d1-913e-4ccf-913d-96443ad6a075,1750032000000,
63010030,b0dc6307-9082-44f8-a8b4-80f227ac08a9.binning_data.json,63020270,2025-07-09 19:59:49.284,2025-06-17 12:42:24.858,4,2,ZYfDZ77fyr,com.sec.android.app.shealth,b0dc6307-9082-44f8-a8b4-80f227ac08a9,1750118400000,
63010030,5ef486e9-cf9a-45b7-ab06-d037cee8ab10.binning_data.json,63020310,2025-07-15 18:00:33.740,2025-06-18 20:55:14.454,7,2,ZYfDZ77fyr,com.sec.android.app.shealth,5ef486e9-cf9a-45b7-ab06-d037cee8ab10,1750204800000,
63010030,8c3e4d44-86eb-4117-a9ba-4c43c65d5e2e.binning_data.json,63020310,2025-07-17 01:28:08.342,2025-06-19 14:09:35.627,5,2,ZYfDZ77fyr,com.sec.android.app.shealth,8c3e4d44-86eb-4117-a9ba-4c43c65d5e2e,1750291200000,
63010030,6a71c570-25f4-43b1-ad00-74d777bd9fc4.binning_data.json,63020310,2025-07-17 13:52:21.095,2025-06-20 04:43:52.582,3,2,ZYfDZ77fyr,com.sec.android.app.shealth,6a71c570-25f4-43b1-ad00-74d777bd9fc4,1750377600000,
63010030,f4d18016-7c3d-400a-9800-170cc6fd32a8.binning_data.json,63020310,2025-07-17 13:52:20.761,2025-06-21 22:09:00.617,1,2,ZYfDZ77fyr,com.sec.android.app.shealth,f4d18016-7c3d-400a-9800-170cc6fd32a8,1750464000000,
63010030,ed6ed244-f77a-4209-9d09-908b57f64a58.binning_data.json,63020310,2025-07-17 13:52:21.253,2025-06-22 18:43:43.122,2,2,ZYfDZ77fyr,com.sec.android.app.shealth,ed6ed244-f77a-4209-9d09-908b57f64a58,1750550400000,
63010030,931ff74a-2c56-439d-b108-7ce18857a0e6.binning_data.json,63020310,2025-07-17 13:52:20.402,2025-06-23 12:10:40.358,6,2,ZYfDZ77fyr,com.sec.android.app.shealth,931ff74a-2c56-439d-b108-7ce18857a0e6,1750636800000,
63010030,6209aceb-4284-4b26-abb3-43134fec1b7d.binning_data.json,63020310,2025-07-17 13:52:20.910,2025-06-24 14:24:53.847,5,2,ZYfDZ77fyr,com.sec.android.app.shealth,6209aceb-4284-4b26-abb3-43134fec1b7d,1750723200000,
63010030,406f0bae-d512-4c72-832b-6c57e93994a0.binning_data.json,63020310,2025-07-17 13:52:21.057,2025-06-25 13:33:27.635,7,2,ZYfDZ77fyr,com.sec.android.app.shealth,406f0bae-d512-4c72-832b-6c57e93994a0,1750809600000,
63020270,f6c628e0-a0e2-46b1-aab2-3a977dd49b72.binning_data.json,63020310,2025-07-17 13:52:20.933,2025-07-09 19:59:47.639,1,2,ZYfDZ77fyr,com.sec.android.app.shealth,f6c628e0-a0e2-46b1-aab2-3a977dd49b72,1752019200000,
63020270,77779870-9116-4176-a2cd-3f1154ea3c59.binning_data.json,63020310,2025-07-17 13:52:20.371,2025-07-09 19:59:48.681,7,2,ZYfDZ77fyr,com.sec.android.app.shealth,77779870-9116-4176-a2cd-3f1154ea3c59,1751500800000,
63020270,7ad826eb-bb32-43f4-ad7f-b25479e1c4ef.binning_data.json,63020310,2025-07-17 13:52:20.616,2025-07-09 19:59:48.797,3,2,ZYfDZ77fyr,com.sec.android.app.shealth,7ad826eb-bb32-43f4-ad7f-b25479e1c4ef,1751760000000,
63020270,64aa9ae9-41fb-4fdf-956d-eb529d750c2c.binning_data.json,63020310,2025-07-17 13:52:20.984,2025-07-09 19:59:49.034,1,2,ZYfDZ77fyr,com.sec.android.app.shealth,64aa9ae9-41fb-4fdf-956d-eb529d750c2c,1751587200000,
63020270,0a46595e-b508-4ae1-9d9f-ab126d462ca3.binning_data.json,63020310,2025-07-17 13:52:21.165,2025-07-09 19:59:49.170,2,2,ZYfDZ77fyr,com.sec.android.app.shealth,0a46595e-b508-4ae1-9d9f-ab126d462ca3,1751673600000,
63020270,0c1b63ae-26ab-490e-952f-70d75f3f3fd4.binning_data.json,63020310,2025-07-17 13:52:21.485,2025-07-09 19:59:49.317,10,2,ZYfDZ77fyr,com.sec.android.app.shealth,0c1b63ae-26ab-490e-952f-70d75f3f3fd4,1751846400000,
63020270,b0bc4e19-3be3-4003-a439-fc62b53d3930.binning_data.json,63020310,2025-07-17 13:52:21.644,2025-07-09 19:59:49.351,8,2,ZYfDZ77fyr,com.sec.android.app.shealth,b0bc4e19-3be3-4003-a439-fc62b53d3930,1751414400000,
63020270,c7c06c4c-7fc5-4a81-881f-7c05855a7f61.binning_data.json,63020310,2025-07-17 13:52:20.328,2025-07-09 19:59:49.411,6,2,ZYfDZ77fyr,com.sec.android.app.shealth,c7c06c4c-7fc5-4a81-881f-7c05855a7f61,1751932800000,
63020310,fec39f11-18dc-40e1-81d2-e6491ae9f06a.binning_data.json,63030110,2025-08-08 04:32:15.175,2025-07-15 18:00:33.686,4,2,ZYfDZ77fyr,com.sec.android.app.shealth,fec39f11-18dc-40e1-81d2-e6491ae9f06a,1752364800000,
63020310,1d367baa-78af-4b80-b963-4568bbd423ae.binning_data.json,63030110,2025-08-11 00:05:34.209,2025-07-15 18:00:33.800,2,2,ZYfDZ77fyr,com.sec.android.app.shealth,1d367baa-78af-4b80-b963-4568bbd423ae,1752451200000,
63020310,f463bc23-2103-4fbe-aaaa-1f2482d43b12.binning_data.json,63030110,2025-08-08 04:32:15.576,2025-07-15 18:00:34.278,4,2,ZYfDZ77fyr,com.sec.android.app.shealth,f463bc23-2103-4fbe-aaaa-1f2482d43b12,1752278400000,
63020310,ee5779ec-fffa-44f8-ae85-464d5a466c9f.binning_data.json,63030110,2025-08-11 00:05:34.265,2025-07-15 18:00:34.462,6,2,ZYfDZ77fyr,com.sec.android.app.shealth,ee5779ec-fffa-44f8-ae85-464d5a466c9f,1752537600000,
63020310,02db9014-1513-4829-ae77-b442704503a2.binning_data.json,63030110,2025-08-13 06:25:35.744,2025-07-17 01:28:07.981,3,2,ZYfDZ77fyr,com.sec.android.app.shealth,02db9014-1513-4829-ae77-b442704503a2,1752624000000,
63030110,a9e9aeb8-edeb-4716-953b-531f4f07953f.binning_data.json,63030110,2025-08-18 09:24:11.352,2025-08-08 04:32:15.094,1,2,ZYfDZ77fyr,com.sec.android.app.shealth,a9e9aeb8-edeb-4716-953b-531f4f07953f,1754092800000,
63030110,50d55259-5b12-40a4-9a32-67070e4e5947.binning_data.json,63030110,2025-08-18 09:24:11.775,2025-08-08 04:32:15.337,5,2,ZYfDZ77fyr,com.sec.android.app.shealth,50d55259-5b12-40a4-9a32-67070e4e5947,1754179200000,
63030110,29541706-7094-486f-a5f7-7d3a1d94f6a8.binning_data.json,63030110,2025-08-18 09:24:13.368,2025-08-08 04:32:15.452,7,2,ZYfDZ77fyr,com.sec.android.app.shealth,29541706-7094-486f-a5f7-7d3a1d94f6a8,1754265600000,
63030110,bd1b321f-220e-41a1-b22b-54f750a8d247.binning_data.json,63030110,2025-09-05 21:47:24.053,2025-08-17 09:54:54.190,13,2,ZYfDZ77fyr,com.sec.android.app.shealth,bd1b321f-220e-41a1-b22b-54f750a8d247,1754784000000,
63030110,7518bf44-0f7a-4f02-a118-c6d05c8d67ef.binning_data.json,63030110,2025-09-08 22:16:43.514,2025-08-17 09:54:54.217,17,2,ZYfDZ77fyr,com.sec.android.app.shealth,7518bf44-0f7a-4f02-a118-c6d05c8d67ef,1754956800000,
63030110,29a47fd5-0ed3-4c99-8b6e-b2454eb2fdb8.binning_data.json,63030110,2025-09-08 22:16:43.684,2025-08-17 09:54:54.305,8,2,ZYfDZ77fyr,com.sec.android.app.shealth,29a47fd5-0ed3-4c99-8b6e-b2454eb2fdb8,1755043200000,
63030110,fa2b1584-dde6-404a-8535-cb2b132415c6.binning_data.json,63030110,2025-09-12 02:54:12.330,2025-08-17 09:54:54.386,1,2,ZYfDZ77fyr,com.sec.android.app.shealth,fa2b1584-dde6-404a-8535-cb2b132415c6,1755302400000,
63030110,10ce2c95-516c-49dd-a885-e5b1a80cba97.binning_data.json,63030110,2025-09-05 21:47:24.211,2025-08-17 09:54:54.423,1,2,ZYfDZ77fyr,com.sec.android.app.shealth,10ce2c95-516c-49dd-a885-e5b1a80cba97,1754870400000,
63030110,fc6e378f-9371-4b63-94fa-e343a7ccada5.binning_data.json,63030110,2025-09-10 17:39:14.982,2025-08-17 09:54:54.468,2,2,ZYfDZ77fyr,com.sec.android.app.shealth,fc6e378f-9371-4b63-94fa-e343a7ccada5,1755129600000,
63030110,490fc34b-023e-46bd-9acc-b4e3d2e735c1.binning_data.json,63030110,2025-09-12 02:54:11.905,2025-08-17 10:11:30.067,3,2,ZYfDZ77fyr,com.sec.android.app.shealth,490fc34b-023e-46bd-9acc-b4e3d2e735c1,1755388800000,
63030110,e719412e-367a-4bc2-8b78-b5c1fd8f0530.binning_data.json,63051050,2025-10-03 02:32:48.444,2025-09-05 21:47:23.755,2,2,ZYfDZ77fyr,com.sec.android.app.shealth,e719412e-367a-4bc2-8b78-b5c1fd8f0530,1757030400000,
63030110,751db633-c7d6-4b40-9107-6c37d08b39f8.binning_data.json,63030110,2025-09-14 12:08:16.308,2025-09-05 21:47:23.845,7,2,ZYfDZ77fyr,com.sec.android.app.shealth,751db633-c7d6-4b40-9107-6c37d08b39f8,1756857600000,
63030110,d8a1a963-3e82-48f3-9e1c-48ce56d442df.binning_data.json,63030110,2025-09-14 12:08:16.562,2025-09-05 21:47:23.868,6,2,ZYfDZ77fyr,com.sec.android.app.shealth,d8a1a963-3e82-48f3-9e1c-48ce56d442df,1756425600000,
63030110,c299f1e0-685b-4f1b-a479-835a69196a67.binning_data.json,63030110,2025-09-14 12:08:16.718,2025-09-05 21:47:23.903,3,2,ZYfDZ77fyr,com.sec.android.app.shealth,c299f1e0-685b-4f1b-a479-835a69196a67,1756684800000,
63030110,a38663df-4604-44bd-8fbd-3023b7f7925c.binning_data.json,63030110,2025-09-14 12:08:16.935,2025-09-05 21:47:24.006,4,2,ZYfDZ77fyr,com.sec.android.app.shealth,a38663df-4604-44bd-8fbd-3023b7f7925c,1756944000000,
63030110,0ebead47-d0f5-4c9f-bbcc-07750da7c217.binning_data.json,63030110,2025-09-14 12:08:17.019,2025-09-05 21:47:24.084,4,2,ZYfDZ77fyr,com.sec.android.app.shealth,0ebead47-d0f5-4c9f-bbcc-07750da7c217,1756771200000,
63030110,1cdb5dca-b9c4-42b8-ab6b-3604b4d9a6ab.binning_data.json,63051050,2025-10-03 02:32:47.722,2025-09-06 15:29:43.857,2,2,ZYfDZ77fyr,com.sec.android.app.shealth,1cdb5dca-b9c4-42b8-ab6b-3604b4d9a6ab,1757116800000,
63030110,84c24b0d-8d1d-431b-802c-d18c13c4187d.binning_data.json,63051050,2025-10-05 02:40:04.888,2025-09-08 13:55:06.859,10,2,ZYfDZ77fyr,com.sec.android.app.shealth,84c24b0d-8d1d-431b-802c-d18c13c4187d,1757289600000,
63030110,8d508443-ebad-474a-8b1f-d889870c3b3b.binning_data.json,63051050,2025-10-05 02:40:05.176,2025-09-10 13:46:54.930,4,2,ZYfDZ77fyr,com.sec.android.app.shealth,8d508443-ebad-474a-8b1f-d889870c3b3b,1757376000000,
63030110,be9657a6-079a-4a3e-b180-1e79ad9350a6.binning_data.json,63051050,2025-10-08 02:07:36.082,2025-09-10 14:19:47.504,8,2,ZYfDZ77fyr,com.sec.android.app.shealth,be9657a6-079a-4a3e-b180-1e79ad9350a6,1757462400000,
63030110,c7527e60-bc30-42c1-836e-95ea2a136f22.binning_data.json,63051050,2025-10-09 01:33:34.135,2025-09-11 13:51:01.554,4,2,ZYfDZ77fyr,com.sec.android.app.shealth,c7527e60-bc30-42c1-836e-95ea2a136f22,1757548800000,
63030110,ea589ff3-1bc4-447d-aae1-d693c902309d.binning_data.json,63051050,2025-10-10 19:37:34.491,2025-09-14 12:08:16.197,1,2,ZYfDZ77fyr,com.sec.android.app.shealth,ea589ff3-1bc4-447d-aae1-d693c902309d,1757721600000,
63030110,8e9c366b-f9f3-499d-bb71-a79530ffb124.binning_data.json,63051050,2025-10-09 17:11:38.576,2025-09-14 12:08:17.188,7,2,ZYfDZ77fyr,com.sec.android.app.shealth,8e9c366b-f9f3-499d-bb71-a79530ffb124,1757635200000,
63051050,99e69ba7-93e7-4463-ad4d-bbd25b7779ff.binning_data.json,63051050,2025-10-27 22:19:15.042,2025-10-03 02:32:47.261,12,2,ZYfDZ77fyr,com.sec.android.app.shealth,99e69ba7-93e7-4463-ad4d-bbd25b7779ff,1759363200000,
63051050,d4bb0008-afcb-4906-a3c8-88486b507c27.binning_data.json,63051050,2025-10-25 16:14:06.636,2025-10-03 02:32:47.511,3,2,ZYfDZ77fyr,com.sec.android.app.shealth,d4bb0008-afcb-4906-a3c8-88486b507c27,1759017600000,
63051050,8aa21e1e-8a25-4144-bdba-1d294b33df31.binning_data.json,63051050,2025-10-27 22:19:13.797,2025-10-03 02:32:47.556,6,2,ZYfDZ77fyr,com.sec.android.app.shealth,8aa21e1e-8a25-4144-bdba-1d294b33df31,1759276800000,
63051050,a4a705d9-768a-4d41-9463-f71dbb5aadde.binning_data.json,63051050,2025-10-23 15:23:01.796,2025-10-03 02:32:47.642,2,2,ZYfDZ77fyr,com.sec.android.app.shealth,a4a705d9-768a-4d41-9463-f71dbb5aadde,1758844800000,
63051050,d45ab7a8-babc-4728-8fe0-352346c07279.binning_data.json,63051050,2025-10-15 15:53:41.800,2025-10-03 02:32:47.783,5,2,ZYfDZ77fyr,com.sec.android.app.shealth,d45ab7a8-babc-4728-8fe0-352346c07279,1758672000000,
63051050,663c81ee-00da-4752-86af-78d1ea3d487a.binning_data.json,63051050,2025-10-27 01:45:48.125,2025-10-03 02:32:47.925,4,2,ZYfDZ77fyr,com.sec.android.app.shealth,663c81ee-00da-4752-86af-78d1ea3d487a,1759104000000,
63051050,49f8b0e5-963a-446a-84c0-2ab6170a9d6b.binning_data.json,63051050,2025-10-24 23:58:59.340,2025-10-03 02:32:47.951,4,2,ZYfDZ77fyr,com.sec.android.app.shealth,49f8b0e5-963a-446a-84c0-2ab6170a9d6b,1758931200000,
63051050,dbfde1a7-9cc4-4e8c-ab5b-a7c4210a62a2.binning_data.json,63051050,2025-10-27 22:19:15.242,2025-10-03 02:32:48.292,3,2,ZYfDZ77fyr,com.sec.android.app.shealth,dbfde1a7-9cc4-4e8c-ab5b-a7c4210a62a2,1759190400000,
63051050,c3e3bc80-25f1-4020-a1ba-c197dcb2b6fa.binning_data.json,63051050,2025-10-23 03:35:42.964,2025-10-03 02:32:48.328,2,2,ZYfDZ77fyr,com.sec.android.app.shealth,c3e3bc80-25f1-4020-a1ba-c197dcb2b6fa,1758758400000,
63051050,16bb4fb7-c7b3-4802-9be4-ba0ef9992f36.binning_data.json,63051050,2025-10-27 22:19:13.626,2025-10-03 12:32:04.278,3,2,ZYfDZ77fyr,com.sec.android.app.shealth,16bb4fb7-c7b3-4802-9be4-ba0ef9992f36,1759449600000,
63051050,2c127d6a-512e-4ac9-a2fa-1384263e5056.binning_data.json,63051050,2025-10-27 22:19:14.744,2025-10-04 14:57:22.976,12,2,ZYfDZ77fyr,com.sec.android.app.shealth,2c127d6a-512e-4ac9-a2fa-1384263e5056,1759536000000,
63051050,c3275684-8674-45aa-8645-9774db2b3da4.binning_data.json,63051050,2025-10-27 22:19:13.764,2025-10-07 04:05:37.253,9,2,ZYfDZ77fyr,com.sec.android.app.shealth,c3275684-8674-45aa-8645-9774db2b3da4,1759708800000,
63051050,6f31855c-62d1-4912-9e1b-d408b18865e3.binning_data.json,63051050,2025-10-27 22:19:15.173,2025-10-07 04:05:37.632,2,2,ZYfDZ77fyr,com.sec.android.app.shealth,6f31855c-62d1-4912-9e1b-d408b18865e3,1759622400000,
63051050,de3c8b52-3637-4729-90b8-532b40103c67.binning_data.json,63051050,2025-10-27 22:19:14.959,2025-10-07 11:18:35.764,6,2,ZYfDZ77fyr,com.sec.android.app.shealth,de3c8b52-3637-4729-90b8-532b40103c67,1759795200000,
63051050,85062e80-6f38-4ecc-96de-7d6899d13861.binning_data.json,63051050,2025-11-04 15:43:35.168,2025-10-08 12:27:44.980,12,2,ZYfDZ77fyr,com.sec.android.app.shealth,85062e80-6f38-4ecc-96de-7d6899d13861,1759881600000,
63051050,1dc32d55-1c84-418a-9277-7ddca0321a11.binning_data.json,63051050,2025-11-05 23:06:56.280,2025-10-09 15:22:53.317,8,2,ZYfDZ77fyr,com.sec.android.app.shealth,1dc32d55-1c84-418a-9277-7ddca0321a11,1759968000000,
63051050,20e140df-d9ff-48bd-b30d-105d33f4beda.binning_data.json,63051050,2025-11-06 12:50:54.694,2025-10-10 19:05:14.646,5,2,ZYfDZ77fyr,com.sec.android.app.shealth,20e140df-d9ff-48bd-b30d-105d33f4beda,1760054400000,
63051050,a495431f-1534-4932-b525-56501335695e.binning_data.json,63051050,2025-11-08 03:49:55.765,2025-10-11 23:38:40.871,8,2,ZYfDZ77fyr,com.sec.android.app.shealth,a495431f-1534-4932-b525-56501335695e,1760140800000,
63051050,2620a506-e6ad-4c2a-8f94-d7e653e71da6.binning_data.json,63051050,2025-11-08 22:55:02.011,2025-10-13 02:27:16.876,2,2,ZYfDZ77fyr,com.sec.android.app.shealth,2620a506-e6ad-4c2a-8f94-d7e653e71da6,1760227200000,
63051050,94c0a986-de2c-44cb-84c6-487f14e92d6d.binning_data.json,63051050,2025-11-10 03:54:59.479,2025-10-13 14:22:52.327,9,2,ZYfDZ77fyr,com.sec.android.app.shealth,94c0a986-de2c-44cb-84c6-487f14e92d6d,1760313600000,
63051050,2e5c9e80-1965-48ec-b6fc-48a8c084b220.binning_data.json,63051050,2025-11-10 03:54:59.971,2025-10-14 11:55:39.070,13,2,ZYfDZ77fyr,com.sec.android.app.shealth,2e5c9e80-1965-48ec-b6fc-48a8c084b220,1760400000000,
63051050,c383e1b4-e53c-4e07-9da8-a66460ffd4d5.binning_data.json,63051050,2025-11-12 00:59:48.344,2025-10-15 14:09:54.857,8,2,ZYfDZ77fyr,com.sec.android.app.shealth,c383e1b4-e53c-4e07-9da8-a66460ffd4d5,1760486400000,
63051050,89a10cc9-2e45-4298-a1a2-81f1b702393e.binning_data.json,63060070,2025-11-16 05:32:37.323,2025-10-23 03:35:41.936,8,2,ZYfDZ77fyr,com.sec.android.app.shealth,89a10cc9-2e45-4298-a1a2-81f1b702393e,1761091200000,
63051050,1c948595-4881-41c7-9a07-fa9156e8f6cb.binning_data.json,63060070,2025-11-14 19:29:13.890,2025-10-23 03:35:41.995,9,2,ZYfDZ77fyr,com.sec.android.app.shealth,1c948595-4881-41c7-9a07-fa9156e8f6cb,1760745600000,
63051050,db56a31b-bb91-4c3e-bdae-689d80b5b858.binning_data.json,63051050,2025-11-12 23:25:15.652,2025-10-23 03:35:42.308,8,2,ZYfDZ77fyr,com.sec.android.app.shealth,db56a31b-bb91-4c3e-bdae-689d80b5b858,1760572800000,
63051050,c4e02aa0-7010-40b4-8c88-6a33381fd87a.binning_data.json,63060070,2025-11-16 05:32:36.860,2025-10-23 03:35:42.417,9,2,ZYfDZ77fyr,com.sec.android.app.shealth,c4e02aa0-7010-40b4-8c88-6a33381fd87a,1761004800000,
63051050,f244f286-68cf-43e1-8637-72e780c4d3a3.binning_data.json,63051050,2025-11-13 19:32:16.501,2025-10-23 03:35:42.816,6,2,ZYfDZ77fyr,com.sec.android.app.shealth,f244f286-68cf-43e1-8637-72e780c4d3a3,1760659200000,
63051050,b8e4f8df-2491-437f-b781-a59ad84198f1.binning_data.json,63060070,2025-11-16 05:32:37.559,2025-10-23 03:35:43.000,7,2,ZYfDZ77fyr,com.sec.android.app.shealth,b8e4f8df-2491-437f-b781-a59ad84198f1,1760918400000,
63051050,c073db18-8f43-45c0-9698-0cfed71b99d1.binning_data.json,63060070,2025-11-16 05:32:36.746,2025-10-23 11:49:48.489,12,2,ZYfDZ77fyr,com.sec.android.app.shealth,c073db18-8f43-45c0-9698-0cfed71b99d1,1761177600000,
63051050,36fb6e57-e54c-4b9e-8ffe-a49bad417fe5.binning_data.json,63060070,2025-11-16 05:32:37.119,2025-10-24 15:02:20.711,9,2,ZYfDZ77fyr,com.sec.android.app.shealth,36fb6e57-e54c-4b9e-8ffe-a49bad417fe5,1761264000000,
63051050,746286f2-bb4e-4503-8ccb-9dd42d9a6a0d.binning_data.json,63060070,2025-11-16 05:32:37.386,2025-10-25 13:33:24.453,9,2,ZYfDZ77fyr,com.sec.android.app.shealth,746286f2-bb4e-4503-8ccb-9dd42d9a6a0d,1761350400000,
63051050,53bea8fa-76ca-4cd1-ad14-8049930164c4.binning_data.json,63060070,2025-11-16 05:32:36.828,2025-10-27 01:45:47.127,2,2,ZYfDZ77fyr,com.sec.android.app.shealth,53bea8fa-76ca-4cd1-ad14-8049930164c4,1761436800000,
63051050,c183ed07-721a-4bdf-a700-e24f0c5b62d9.binning_data.json,63060070,2025-11-16 05:32:37.289,2025-10-27 13:56:30.020,9,2,ZYfDZ77fyr,com.sec.android.app.shealth,c183ed07-721a-4bdf-a700-e24f0c5b62d9,1761523200000,
63051050,88b8fa20-20e3-4736-9f2f-a44c0cfe56f9.binning_data.json,63060070,2025-11-16 05:32:37.499,2025-11-04 15:43:34.937,9,2,ZYfDZ77fyr,com.sec.android.app.shealth,88b8fa20-20e3-4736-9f2f-a44c0cfe56f9,1762214400000,
63051050,a181b57d-a997-4a36-bcf3-07823a71e041.binning_data.json,63060070,2025-11-16 05:32:36.587,2025-11-04 15:43:35.082,3,2,ZYfDZ77fyr,com.sec.android.app.shealth,a181b57d-a997-4a36-bcf3-07823a71e041,1762041600000,
63051050,002a9269-a903-4a7d-894a-e8f5616a1a0f.binning_data.json,63060070,2025-11-16 05:32:36.699,2025-11-04 15:43:35.106,8,2,ZYfDZ77fyr,com.sec.android.app.shealth,002a9269-a903-4a7d-894a-e8f5616a1a0f,1761609600000,
63051050,44fdeacf-b8e3-4d16-918f-f1371854ec6d.binning_data.json,63060070,2025-11-16 05:32:36.798,2025-11-04 15:43:35.261,13,2,ZYfDZ77fyr,com.sec.android.app.shealth,44fdeacf-b8e3-4d16-918f-f1371854ec6d,1761868800000,
63051050,b1d089c0-5f10-4e7b-a1ae-c238e40ebafe.binning_data.json,63060070,2025-11-16 05:32:37.068,2025-11-04 15:43:35.374,10,2,ZYfDZ77fyr,com.sec.android.app.shealth,b1d089c0-5f10-4e7b-a1ae-c238e40ebafe,1761696000000,
63051050,5d1bb4b7-7b4e-4206-92a6-07f60de4b929.binning_data.json,63060070,2025-11-16 05:32:37.258,2025-11-04 15:43:35.512,10,2,ZYfDZ77fyr,com.sec.android.app.shealth,5d1bb4b7-7b4e-4206-92a6-07f60de4b929,1761955200000,
63051050,98929f1c-d8f4-432f-a962-04c8f1527336.binning_data.json,63060070,2025-11-16 05:32:37.353,2025-11-04 15:43:35.742,2,2,ZYfDZ77fyr,com.sec.android.app.shealth,98929f1c-d8f4-432f-a962-04c8f1527336,1761782400000,
63051050,8c3a4205-c4a9-4b26-8937-55b9e7ece40c.binning_data.json,63060070,2025-11-16 05:32:37.025,2025-11-04 15:43:35.963,8,2,ZYfDZ77fyr,com.sec.android.app.shealth,8c3a4205-c4a9-4b26-8937-55b9e7ece40c,1762128000000,
63051050,ec42c354-1a36-42f5-ad2c-89ad25849aaa.binning_data.json,63060070,2025-11-16 05:32:36.771,2025-11-05 15:06:29.105,6,2,ZYfDZ77fyr,com.sec.android.app.shealth,ec42c354-1a36-42f5-ad2c-89ad25849aaa,1762300800000,
63051050,a5a2cac6-a60a-478b-9e8e-ab76b9c38a51.binning_data.json,63060070,2025-11-16 05:32:37.221,2025-11-06 12:50:54.238,6,2,ZYfDZ77fyr,com.sec.android.app.shealth,a5a2cac6-a60a-478b-9e8e-ab76b9c38a51,1762387200000,
63051050,8fe8615e-adab-4bc2-872a-9cde6dbaace3.binning_data.json,63060070,2025-11-16 05:32:36.550,2025-11-07 15:17:51.678,12,2,ZYfDZ77fyr,com.sec.android.app.shealth,8fe8615e-adab-4bc2-872a-9cde6dbaace3,1762473600000,
63051050,a3eb674f-91b0-423d-9b5a-77a190207407.binning_data.json,63060070,2025-11-16 05:32:36.992,2025-11-08 15:51:31.672,12,2,ZYfDZ77fyr,com.sec.android.app.shealth,a3eb674f-91b0-423d-9b5a-77a190207407,1762560000000,
63051050,88490a50-670c-4edb-9244-32dda9947ef5.binning_data.json,63060070,2025-11-16 05:32:37.445,2025-11-10 03:55:00.222,5,2,ZYfDZ77fyr,com.sec.android.app.shealth,88490a50-670c-4edb-9244-32dda9947ef5,1762646400000,
63051050,fcb90c13-3e87-4886-b8ab-70a6483cb662.binning_data.json,63060070,2025-11-16 05:32:36.915,2025-11-10 15:13:46.537,26,2,ZYfDZ77fyr,com.sec.android.app.shealth,fcb90c13-3e87-4886-b8ab-70a6483cb662,1762732800000,
63051050,47f4140b-a33b-4875-bc1f-95697af82041.binning_data.json,63060070,2025-11-16 05:32:37.193,2025-11-11 14:16:38.107,17,2,ZYfDZ77fyr,com.sec.android.app.shealth,47f4140b-a33b-4875-bc1f-95697af82041,1762819200000,
63051050,235b5f0a-7a13-4f00-b986-3ee3ddafa974.binning_data.json,63060070,2025-11-16 05:32:36.506,2025-11-12 15:15:48.086,19,2,ZYfDZ77fyr,com.sec.android.app.shealth,235b5f0a-7a13-4f00-b986-3ee3ddafa974,1762905600000,
63051050,37c8cfc6-36f2-444a-b8d8-0be98cff2ac3.binning_data.json,63060070,2025-11-16 05:32:36.964,2025-11-13 19:32:16.077,3,2,ZYfDZ77fyr,com.sec.android.app.shealth,37c8cfc6-36f2-444a-b8d8-0be98cff2ac3,1762992000000,
63060070,11e09ceb-5a4d-40ef-a34e-d402660237ec.binning_data.json,63060070,2025-11-16 05:32:37.413,2025-11-14 14:58:27.063,12,2,ZYfDZ77fyr,com.sec.android.app.shealth,11e09ceb-5a4d-40ef-a34e-d402660237ec,1763078400000,
63060070,222e3d2f-3c11-4355-87ae-32eb57631539.binning_data.json,63060070,2025-11-24 16:39:58.999,2025-11-16 05:16:36.880,3,2,ZYfDZ77fyr,com.sec.android.app.shealth,222e3d2f-3c11-4355-87ae-32eb57631539,1763251200000,
