com.samsung.health.water_intake,6307003,6
start_time,amount,custom,update_time,create_time,client_data_id,client_data_ver,time_offset,deviceuuid,unit_amount,comment,pkg_name,datauuid
2020-07-08 03:53:00.834,250.0,,2020-07-08 03:53:01.195,2020-07-08 03:53:01.195,,,UTC+0530,NCYwqyvfDX,250.0,,com.sec.android.app.shealth,c73779d9-e0e4-4a5f-86eb-37ccbc913268,
2020-07-12 17:37:39.171,250.0,,2020-07-12 17:37:39.531,2020-07-12 17:37:39.531,,,UTC+0530,NCYwqyvfDX,250.0,,com.sec.android.app.shealth,8801acd2-80e2-449f-88fd-591d83b86678,
2020-07-17 04:28:03.930,250.0,,2020-07-17 04:28:04.289,2020-07-17 04:28:04.289,,,UTC+0530,NCYwqyvfDX,250.0,,com.sec.android.app.shealth,303b3af6-832f-4551-b0fb-409c028e848a,
2021-04-10 17:56:17.598,250.0,,2021-04-10 17:56:17.953,2021-04-10 17:56:17.953,,,UTC+0530,NCYwqyvfDX,250.0,,com.sec.android.app.shealth,efc44a72-ef58-4faf-95b3-f495c48d87d5,
2021-04-10 17:56:16.262,250.0,,2021-04-10 17:56:16.618,2021-04-10 17:56:16.618,,,UTC+0530,NCYwqyvfDX,250.0,,com.sec.android.app.shealth,16aa6121-f4d7-4296-ae2f-c22427381e1c,
2020-07-20 12:15:20.630,250.0,,2020-07-20 12:15:20.991,2020-07-20 12:15:20.991,,,UTC+0530,NCYwqyvfDX,250.0,,com.sec.android.app.shealth,9b40e98d-14ef-40b7-a235-f14803e2955c,
2021-04-10 17:56:13.491,250.0,,2021-04-10 17:56:13.910,2021-04-10 17:56:13.910,,,UTC+0530,NCYwqyvfDX,250.0,,com.sec.android.app.shealth,ccf94b5c-f8d6-416e-acb2-750b047f107d,
2020-07-07 13:11:47.773,250.0,,2020-07-07 13:11:48.130,2020-07-07 13:11:48.130,,,UTC+0530,NCYwqyvfDX,250.0,,com.sec.android.app.shealth,0d66e845-2e0d-4fb8-88fb-83248ced4c0f,
2020-07-17 07:10:08.210,250.0,,2020-07-17 07:10:08.587,2020-07-17 07:10:08.587,,,UTC+0530,NCYwqyvfDX,250.0,,com.sec.android.app.shealth,6fe36e30-0681-4517-9d2b-c71980752109,
2020-07-15 15:50:39.852,250.0,,2020-07-15 15:50:40.293,2020-07-15 15:50:40.293,,,UTC+0530,NCYwqyvfDX,250.0,,com.sec.android.app.shealth,9e6b8e60-ef70-410b-b508-8bf3df824380,
2020-07-17 19:19:36.467,250.0,,2020-07-17 19:19:36.828,2020-07-17 19:19:36.828,,,UTC+0530,NCYwqyvfDX,250.0,,com.sec.android.app.shealth,5af8e4ff-43d3-4a6b-8127-89d5324b8beb,
2020-07-16 16:29:36.955,250.0,,2020-07-16 16:29:37.316,2020-07-16 16:29:37.316,,,UTC+0530,NCYwqyvfDX,250.0,,com.sec.android.app.shealth,3df809fb-de11-412e-9124-9f1f32034277,
2020-07-06 17:33:46.292,250.0,,2020-07-06 17:33:46.649,2020-07-06 17:33:46.649,,,UTC+0530,NCYwqyvfDX,250.0,,com.sec.android.app.shealth,a73836f6-7336-4572-ae01-ad7112fb9659,
2020-07-27 13:36:24.344,250.0,,2020-07-27 13:36:24.712,2020-07-27 13:36:24.712,,,UTC+0530,NCYwqyvfDX,250.0,,com.sec.android.app.shealth,91a1a9d0-6fe7-4664-902e-72e2afcb0fda,
2020-07-28 17:19:38.519,250.0,,2020-07-28 17:19:38.891,2020-07-28 17:19:38.891,,,UTC+0530,NCYwqyvfDX,250.0,,com.sec.android.app.shealth,2a745c7e-af78-4ae1-8888-82936b33db7a,
2020-07-16 16:29:36.365,250.0,,2020-07-16 16:29:36.739,2020-07-16 16:29:36.739,,,UTC+0530,NCYwqyvfDX,250.0,,com.sec.android.app.shealth,5a40b735-45bd-415c-b5c0-6a138dec6145,
2020-07-20 15:51:29.409,250.0,,2020-07-20 15:51:29.765,2020-07-20 15:51:29.765,,,UTC+0530,NCYwqyvfDX,250.0,,com.sec.android.app.shealth,03339b5f-1ba4-4185-945f-c5f8300d8494,
2021-04-10 17:56:14.157,250.0,,2021-04-10 17:56:14.526,2021-04-10 17:56:14.526,,,UTC+0530,NCYwqyvfDX,250.0,,com.sec.android.app.shealth,50f54d04-2059-46a4-99b6-d1dce2b3cf83,
2020-07-16 05:04:03.358,250.0,,2020-07-16 05:04:03.716,2020-07-16 05:04:03.716,,,UTC+0530,NCYwqyvfDX,250.0,,com.sec.android.app.shealth,9003d863-b83e-4cf1-837c-071b321633db,
2020-07-15 17:24:49.651,250.0,,2020-07-15 17:24:50.015,2020-07-15 17:24:50.015,,,UTC+0530,NCYwqyvfDX,250.0,,com.sec.android.app.shealth,7414740c-d4c6-4f52-9893-baa2fe12d411,
2020-07-07 01:29:06.239,250.0,,2020-07-07 01:29:06.598,2020-07-07 01:29:06.598,,,UTC+0530,NCYwqyvfDX,250.0,,com.sec.android.app.shealth,b72e64ac-5fd3-4669-926a-b9bd555db290,
2020-07-07 13:11:46.955,250.0,,2020-07-07 13:11:47.314,2020-07-07 13:11:47.314,,,UTC+0530,NCYwqyvfDX,250.0,,com.sec.android.app.shealth,bdcf092c-689e-4fbe-94b2-7c403ea19938,
2020-07-09 15:10:34.300,250.0,,2020-07-09 15:10:34.655,2020-07-09 15:10:34.655,,,UTC+0530,NCYwqyvfDX,250.0,,com.sec.android.app.shealth,fe1acdc1-5954-4e21-ab6f-7e211173a5ae,
2020-07-19 06:32:38.198,250.0,,2020-07-19 06:32:38.562,2020-07-19 06:32:38.562,,,UTC+0530,NCYwqyvfDX,250.0,,com.sec.android.app.shealth,ec363677-8cd0-475b-94de-496247893684,
2020-07-09 04:25:47.829,250.0,,2020-07-09 04:25:48.184,2020-07-09 04:25:48.184,,,UTC+0530,NCYwqyvfDX,250.0,,com.sec.android.app.shealth,f3f93e5a-1c0a-4b92-a534-45bea674d89e,
2019-08-19 15:43:19.596,250.0,,2019-08-19 15:43:19.954,2019-08-19 15:43:19.954,,,UTC+0530,NCYwqyvfDX,250.0,,com.sec.android.app.shealth,ae5850ec-bcda-4d82-aed5-25a0d85b50b3,
2021-04-10 17:56:20.286,250.0,,2021-04-10 17:56:20.645,2021-04-10 17:56:20.645,,,UTC+0530,NCYwqyvfDX,250.0,,com.sec.android.app.shealth,a9fabaa0-db1c-4c6c-b23b-29b4b943458c,
2020-07-20 12:15:22.298,250.0,,2020-07-20 12:15:22.654,2020-07-20 12:15:22.654,,,UTC+0530,NCYwqyvfDX,250.0,,com.sec.android.app.shealth,4d563319-8b2f-4554-9179-988cb07abeeb,
2020-07-16 16:29:38.691,250.0,,2020-07-16 16:29:39.058,2020-07-16 16:29:39.058,,,UTC+0530,NCYwqyvfDX,250.0,,com.sec.android.app.shealth,a68fe1e9-cba3-4119-88bc-8da9df985c77,
2020-07-12 10:03:12.716,250.0,,2020-07-12 10:03:13.072,2020-07-12 10:03:13.072,,,UTC+0530,NCYwqyvfDX,250.0,,com.sec.android.app.shealth,3dff0277-fb76-4fcb-9410-9b448d339d9d,
2020-07-10 15:00:47.392,250.0,,2020-07-10 15:00:47.749,2020-07-10 15:00:47.749,,,UTC+0530,NCYwqyvfDX,250.0,,com.sec.android.app.shealth,36ad8ae0-87fa-4040-9698-f86571810941,
2020-07-10 07:33:22.503,250.0,,2020-07-10 07:33:22.858,2020-07-10 07:33:22.858,,,UTC+0530,NCYwqyvfDX,250.0,,com.sec.android.app.shealth,559bae7a-1ef6-4d6b-a81f-3d99988e1b4c,
2020-07-27 13:36:25.381,250.0,,2020-07-27 13:36:25.746,2020-07-27 13:36:25.746,,,UTC+0530,NCYwqyvfDX,250.0,,com.sec.android.app.shealth,81b9a0fb-d962-47d1-ba50-6b3e61f291c1,
2020-07-27 13:36:27.152,250.0,,2020-07-27 13:36:27.516,2020-07-27 13:36:27.516,,,UTC+0530,NCYwqyvfDX,250.0,,com.sec.android.app.shealth,54ee90c3-63f1-4590-ba4d-ce44ad0bff2e,
2020-07-29 18:11:02.957,250.0,,2020-07-29 18:11:03.330,2020-07-29 18:11:03.330,,,UTC+0530,NCYwqyvfDX,250.0,,com.sec.android.app.shealth,9df6ff08-351e-4283-9a88-e4ea750ce1d4,
2020-07-18 05:28:57.073,250.0,,2020-07-18 05:28:57.432,2020-07-18 05:28:57.432,,,UTC+0530,NCYwqyvfDX,250.0,,com.sec.android.app.shealth,f13dc40e-b2d0-4309-ad23-1f47ef3eca56,
2020-07-16 16:29:39.187,250.0,,2020-07-16 16:29:39.550,2020-07-16 16:29:39.550,,,UTC+0530,NCYwqyvfDX,250.0,,com.sec.android.app.shealth,ebb47ef9-3851-417d-99ed-15e3659419f7,
2020-07-15 15:50:44.433,250.0,,2020-07-15 15:50:44.796,2020-07-15 15:50:44.796,,,UTC+0530,NCYwqyvfDX,250.0,,com.sec.android.app.shealth,323fa640-582c-4fc5-9c2e-d576d0c444a4,
2020-07-09 15:10:33.714,250.0,,2020-07-09 15:10:34.070,2020-07-09 15:10:34.070,,,UTC+0530,NCYwqyvfDX,250.0,,com.sec.android.app.shealth,0e1770ef-cbfc-4261-be1b-26a6c2615349,
2020-07-18 13:34:40.337,250.0,,2020-07-18 13:34:40.707,2020-07-18 13:34:40.707,,,UTC+0530,NCYwqyvfDX,250.0,,com.sec.android.app.shealth,64419e86-ac24-4b9a-8288-16fa788d77c4,
2020-07-13 10:04:10.656,250.0,,2020-07-13 10:04:11.012,2020-07-13 10:04:11.012,,,UTC+0530,NCYwqyvfDX,250.0,,com.sec.android.app.shealth,0a9c2dc5-6652-4b07-a575-062f30fc4a41,
2020-07-11 07:06:47.364,250.0,,2020-07-11 07:06:47.719,2020-07-11 07:06:47.719,,,UTC+0530,NCYwqyvfDX,250.0,,com.sec.android.app.shealth,d09a4518-3645-45b2-9530-66bfdadd94d1,
2020-07-20 15:51:27.405,250.0,,2020-07-20 15:51:27.771,2020-07-20 15:51:27.771,,,UTC+0530,NCYwqyvfDX,250.0,,com.sec.android.app.shealth,7790ff87-6ead-4545-9e2b-97517356cab0,
2020-07-15 07:40:27.696,250.0,,2020-07-15 07:40:28.054,2020-07-15 07:40:28.054,,,UTC+0530,NCYwqyvfDX,250.0,,com.sec.android.app.shealth,5b4cd3ce-38b8-42fb-aaaf-0f77447101d5,
2020-07-10 15:00:48.190,250.0,,2020-07-10 15:00:48.546,2020-07-10 15:00:48.546,,,UTC+0530,NCYwqyvfDX,250.0,,com.sec.android.app.shealth,04eea539-036f-4767-9614-b17e22b4fb12,
2021-04-10 17:56:19.171,250.0,,2021-04-10 17:56:19.532,2021-04-10 17:56:19.532,,,UTC+0530,NCYwqyvfDX,250.0,,com.sec.android.app.shealth,54f656d3-fa8d-4c94-9083-5c1aae15c5b4,
2020-07-17 07:10:09.548,250.0,,2020-07-17 07:10:09.919,2020-07-17 07:10:09.919,,,UTC+0530,NCYwqyvfDX,250.0,,com.sec.android.app.shealth,142ad71a-aa86-464d-aa08-f73c96ba7a39,
2020-07-12 10:03:07.649,250.0,,2020-07-12 10:03:08.008,2020-07-12 10:03:08.008,,,UTC+0530,NCYwqyvfDX,250.0,,com.sec.android.app.shealth,a4ead41e-10c4-4213-81c8-b0302294e2ad,
2020-07-27 13:36:05.611,250.0,,2020-07-27 13:36:05.981,2020-07-27 13:36:05.981,,,UTC+0530,NCYwqyvfDX,250.0,,com.sec.android.app.shealth,326f0e32-798b-4cf1-97c9-c73e86baefa4,
2020-07-13 13:31:53.074,250.0,,2020-07-13 13:31:53.436,2020-07-13 13:31:53.436,,,UTC+0530,NCYwqyvfDX,250.0,,com.sec.android.app.shealth,01e60d1c-9ce8-45f9-a52c-a7409a5af632,
2020-07-18 17:22:13.863,250.0,,2020-07-18 17:22:14.220,2020-07-18 17:22:14.220,,,UTC+0530,NCYwqyvfDX,250.0,,com.sec.android.app.shealth,23a0334f-9e97-41e2-b6d0-8ddbddb966ea,
2020-07-15 04:18:17.984,250.0,,2020-07-15 04:18:18.351,2020-07-15 04:18:18.351,,,UTC+0530,NCYwqyvfDX,250.0,,com.sec.android.app.shealth,1ff0b635-1360-48bf-b198-baa4d869908c,
2020-07-07 12:36:27.127,250.0,,2020-07-07 12:36:27.487,2020-07-07 12:36:27.487,,,UTC+0530,NCYwqyvfDX,250.0,,com.sec.android.app.shealth,ba587352-f4f3-4313-b7f5-2d1f70fd8898,
2020-07-12 14:40:35.508,250.0,,2020-07-12 14:40:35.866,2020-07-12 14:40:35.866,,,UTC+0530,NCYwqyvfDX,250.0,,com.sec.android.app.shealth,721514b7-ff40-41b6-9869-548e5e7b5f47,
2020-07-29 18:11:06.782,250.0,,2020-07-29 18:11:07.152,2020-07-29 18:11:07.152,,,UTC+0530,NCYwqyvfDX,250.0,,com.sec.android.app.shealth,f0e14590-4f4f-421c-8334-6a646dfabd39,
2020-07-20 12:15:24.105,250.0,,2020-07-20 12:15:24.463,2020-07-20 12:15:24.463,,,UTC+0530,NCYwqyvfDX,250.0,,com.sec.android.app.shealth,066ad712-e71d-41a6-b070-152829e164be,
2020-07-29 18:11:09.476,250.0,,2020-07-29 18:11:09.839,2020-07-29 18:11:09.839,,,UTC+0530,NCYwqyvfDX,250.0,,com.sec.android.app.shealth,81ecd882-d9e4-4407-b60c-66416a86d8f4,
2020-07-28 17:19:34.982,250.0,,2020-07-28 17:19:35.351,2020-07-28 17:19:35.351,,,UTC+0530,NCYwqyvfDX,250.0,,com.sec.android.app.shealth,e769ba3c-f0d6-45ed-ba90-9159c0743849,
2020-07-10 15:00:46.689,250.0,,2020-07-10 15:00:47.048,2020-07-10 15:00:47.048,,,UTC+0530,NCYwqyvfDX,250.0,,com.sec.android.app.shealth,6496755a-fce8-4d47-91bf-66d59b6c866f,
2019-08-19 15:43:30.814,250.0,,2019-08-19 15:43:31.172,2019-08-19 15:43:31.172,,,UTC+0530,NCYwqyvfDX,250.0,,com.sec.android.app.shealth,f8f6266d-355e-4451-bf9c-07a7ef7b622d,
2020-07-16 16:29:35.651,250.0,,2020-07-16 16:29:36.042,2020-07-16 16:29:36.042,,,UTC+0530,NCYwqyvfDX,250.0,,com.sec.android.app.shealth,b3002e20-fd08-4c53-9e43-e5f6708bed59,
2020-07-16 05:04:11.390,250.0,,2020-07-16 05:04:11.748,2020-07-16 05:04:11.748,,,UTC+0530,NCYwqyvfDX,250.0,,com.sec.android.app.shealth,d8af78f5-c484-4b90-96e8-4800708b6dc7,
2020-07-14 07:21:37.303,250.0,,2020-07-14 07:21:37.661,2020-07-14 07:21:37.661,,,UTC+0530,NCYwqyvfDX,250.0,,com.sec.android.app.shealth,7e462a63-d58e-4bab-8e8d-e937fabf66ac,
2020-07-08 14:59:41.556,250.0,,2020-07-08 14:59:41.924,2020-07-08 14:59:41.924,,,UTC+0530,NCYwqyvfDX,250.0,,com.sec.android.app.shealth,36615c61-cbe0-4085-a8cc-5da5895fdbd9,
2020-07-06 05:16:37.936,250.0,,2020-07-06 05:16:38.297,2020-07-06 05:16:38.297,,,UTC+0530,NCYwqyvfDX,250.0,,com.sec.android.app.shealth,83cd50b5-1016-46e1-b254-e8aeb4504366,
2020-07-18 05:10:55.042,250.0,,2020-07-18 05:10:55.398,2020-07-18 05:10:55.398,,,UTC+0530,NCYwqyvfDX,250.0,,com.sec.android.app.shealth,778d7123-f1ac-47b5-b274-80e7d0702ac6,
2020-07-12 14:40:35.974,250.0,,2020-07-12 14:40:36.343,2020-07-12 14:40:36.343,,,UTC+0530,NCYwqyvfDX,250.0,,com.sec.android.app.shealth,5b5a12c1-eedd-4b65-abd3-43b668e82971,
2021-04-10 17:56:19.734,250.0,,2021-04-10 17:56:20.092,2021-04-10 17:56:20.092,,,UTC+0530,NCYwqyvfDX,250.0,,com.sec.android.app.shealth,acb3e274-2944-4bc7-a75f-6800f1969355,
2020-07-13 04:07:39.435,250.0,,2020-07-13 04:07:39.794,2020-07-13 04:07:39.794,,,UTC+0530,NCYwqyvfDX,250.0,,com.sec.android.app.shealth,18894104-6d88-48b6-bbab-37b76b9bf864,
2020-07-12 17:37:38.411,250.0,,2020-07-12 17:37:38.782,2020-07-12 17:37:38.782,,,UTC+0530,NCYwqyvfDX,250.0,,com.sec.android.app.shealth,3d584ffb-bae7-445b-bc9b-dae9b7149cee,
2020-07-14 07:21:38.355,250.0,,2020-07-14 07:21:38.710,2020-07-14 07:21:38.710,,,UTC+0530,NCYwqyvfDX,250.0,,com.sec.android.app.shealth,b426737f-d211-4e5a-8d07-aeaa18e3e0a0,
2021-04-10 17:56:20.751,250.0,,2021-04-10 17:56:21.109,2021-04-10 17:56:21.109,,,UTC+0530,NCYwqyvfDX,250.0,,com.sec.android.app.shealth,8e0c7777-e258-4895-b244-6c5fbcc61bad,
2020-07-18 08:37:41.670,250.0,,2020-07-18 08:37:42.041,2020-07-18 08:37:42.041,,,UTC+0530,NCYwqyvfDX,250.0,,com.sec.android.app.shealth,51ce3725-548b-42fc-a629-bdbb1953a306,
2020-07-12 17:37:36.690,250.0,,2020-07-12 17:37:37.064,2020-07-12 17:37:37.064,,,UTC+0530,NCYwqyvfDX,250.0,,com.sec.android.app.shealth,be984ce0-ef02-4803-8b60-48b0c4cd619b,
2019-08-19 15:43:20.447,250.0,,2019-08-19 15:43:20.803,2019-08-19 15:43:20.803,,,UTC+0530,NCYwqyvfDX,250.0,,com.sec.android.app.shealth,226cd612-977d-466c-ab0e-483f83938105,
2020-07-20 12:15:22.738,250.0,,2020-07-20 12:15:23.109,2020-07-20 12:15:23.109,,,UTC+0530,NCYwqyvfDX,250.0,,com.sec.android.app.shealth,16ebbf5b-217a-423e-9f7f-bce39bae7034,
2020-07-12 07:19:27.748,250.0,,2020-07-12 07:19:28.106,2020-07-12 07:19:28.106,,,UTC+0530,NCYwqyvfDX,250.0,,com.sec.android.app.shealth,8d198074-e227-4b82-a742-6027c4250776,
2020-07-11 07:06:48.264,250.0,,2020-07-11 07:06:48.619,2020-07-11 07:06:48.619,,,UTC+0530,NCYwqyvfDX,250.0,,com.sec.android.app.shealth,5b3c28a1-e33d-4cab-b05e-84eaf78bc1f6,
2020-07-07 13:59:48.155,250.0,,2020-07-07 13:59:48.515,2020-07-07 13:59:48.515,,,UTC+0530,NCYwqyvfDX,250.0,,com.sec.android.app.shealth,e8bd3472-5879-4823-bd36-4bd90b002591,
2020-07-12 14:40:36.419,250.0,,2020-07-12 14:40:36.774,2020-07-12 14:40:36.774,,,UTC+0530,NCYwqyvfDX,250.0,,com.sec.android.app.shealth,19c974cc-2172-4256-9180-e975a8672a73,
2020-07-27 13:36:26.272,250.0,,2020-07-27 13:36:26.648,2020-07-27 13:36:26.648,,,UTC+0530,NCYwqyvfDX,250.0,,com.sec.android.app.shealth,336bf286-0c08-4dda-aa6b-a6104ab9ce51,
2020-07-15 15:50:43.961,250.0,,2020-07-15 15:50:44.325,2020-07-15 15:50:44.325,,,UTC+0530,NCYwqyvfDX,250.0,,com.sec.android.app.shealth,4183bb0e-adff-412d-a3e5-c0038ec19796,
2020-07-28 13:19:58.641,250.0,,2020-07-28 13:19:59.010,2020-07-28 13:19:59.010,,,UTC+0530,NCYwqyvfDX,250.0,,com.sec.android.app.shealth,70befa39-51c7-4268-b007-de9fa4cb9e6e,
2020-07-08 14:59:42.992,250.0,,2020-07-08 14:59:43.351,2020-07-08 14:59:43.351,,,UTC+0530,NCYwqyvfDX,250.0,,com.sec.android.app.shealth,b470307b-932b-45ff-8e61-c53e0a66bf48,
2020-07-09 03:39:43.196,250.0,,2020-07-09 03:39:43.557,2020-07-09 03:39:43.557,,,UTC+0530,NCYwqyvfDX,250.0,,com.sec.android.app.shealth,98517abd-e8b6-4b03-9cdf-db98b80d02f9,
2020-07-14 18:24:13.861,250.0,,2020-07-14 18:24:14.219,2020-07-14 18:24:14.219,,,UTC+0530,NCYwqyvfDX,250.0,,com.sec.android.app.shealth,7b34fd56-a260-48c2-9ba6-34f3d58812ca,
2020-07-19 06:32:38.627,250.0,,2020-07-19 06:32:38.755,2020-07-19 06:32:38.755,,,UTC+0530,NCYwqyvfDX,250.0,,com.sec.android.app.shealth,c0084782-1c49-42ec-a543-7b8f95e7a295,
2020-07-13 13:31:52.624,250.0,,2020-07-13 13:31:52.987,2020-07-13 13:31:52.987,,,UTC+0530,NCYwqyvfDX,250.0,,com.sec.android.app.shealth,42fb281e-e866-4d07-b2a9-d074789bebf2,
2020-07-15 07:40:25.314,250.0,,2020-07-15 07:40:25.676,2020-07-15 07:40:25.676,,,UTC+0530,NCYwqyvfDX,250.0,,com.sec.android.app.shealth,34b644bf-b1ba-48bd-9013-b3f927d05d5c,
2020-07-08 04:19:42.053,250.0,,2020-07-08 04:19:42.426,2020-07-08 04:19:42.426,,,UTC+0530,NCYwqyvfDX,250.0,,com.sec.android.app.shealth,b9457991-c267-4810-81be-97edcd28359a,
2020-07-09 12:12:55.331,250.0,,2020-07-09 12:12:55.702,2020-07-09 12:12:55.702,,,UTC+0530,NCYwqyvfDX,250.0,,com.sec.android.app.shealth,349229eb-86bd-4263-b9b9-a337a94a9cf5,
2020-07-17 04:28:04.678,250.0,,2020-07-17 04:28:04.860,2020-07-17 04:28:04.860,,,UTC+0530,NCYwqyvfDX,250.0,,com.sec.android.app.shealth,43bcc955-28c8-4516-8928-fdc3f30b8030,
2020-07-14 18:24:16.302,250.0,,2020-07-14 18:24:16.659,2020-07-14 18:24:16.659,,,UTC+0530,NCYwqyvfDX,250.0,,com.sec.android.app.shealth,1c339c65-1889-4463-be65-933b92ae5d5a,
2020-07-27 13:36:22.370,250.0,,2020-07-27 13:36:22.741,2020-07-27 13:36:22.741,,,UTC+0530,NCYwqyvfDX,250.0,,com.sec.android.app.shealth,fca6a80d-6bdc-4499-9313-e1fa8056ef56,
2020-07-09 15:10:32.817,250.0,,2020-07-09 15:10:33.177,2020-07-09 15:10:33.177,,,UTC+0530,NCYwqyvfDX,250.0,,com.sec.android.app.shealth,b34fe1e4-fa39-4517-8b61-d05d0257e0e8,
2020-07-27 13:36:23.293,250.0,,2020-07-27 13:36:23.660,2020-07-27 13:36:23.660,,,UTC+0530,NCYwqyvfDX,250.0,,com.sec.android.app.shealth,d441709f-a946-403b-99d3-620151dfd83b,
2020-07-18 17:22:15.548,250.0,,2020-07-18 17:22:15.906,2020-07-18 17:22:15.906,,,UTC+0530,NCYwqyvfDX,250.0,,com.sec.android.app.shealth,83ee056f-fa3b-4f02-82dd-834388722f9b,
2020-07-08 12:40:02.016,250.0,,2020-07-08 12:40:02.373,2020-07-08 12:40:02.373,,,UTC+0530,NCYwqyvfDX,250.0,,com.sec.android.app.shealth,0b640ba2-5a59-4fd3-8f5a-c7530a3a5be7,
2020-07-10 05:04:33.007,250.0,,2020-07-10 05:04:33.363,2020-07-10 05:04:33.363,,,UTC+0530,NCYwqyvfDX,250.0,,com.sec.android.app.shealth,040d7b50-4c27-4720-a4a0-f14a3cdc5e91,
2020-07-06 04:51:05.498,250.0,,2020-07-06 04:51:05.862,2020-07-06 04:51:05.862,,,UTC+0530,NCYwqyvfDX,250.0,,com.sec.android.app.shealth,e4ba258e-bf8f-41ed-8499-f5659eaf1be2,
2020-07-15 15:50:42.548,250.0,,2020-07-15 15:50:42.906,2020-07-15 15:50:42.906,,,UTC+0530,NCYwqyvfDX,250.0,,com.sec.android.app.shealth,bdfd5d59-48b1-44d6-9dad-f629a7a46c19,
2020-07-06 17:33:47.245,250.0,,2020-07-06 17:33:47.601,2020-07-06 17:33:47.601,,,UTC+0530,NCYwqyvfDX,250.0,,com.sec.android.app.shealth,5b368a57-a786-40cf-93e6-fb57f1e0bee1,
2020-07-16 16:29:32.794,250.0,,2020-07-16 16:29:33.159,2020-07-16 16:29:33.159,,,UTC+0530,NCYwqyvfDX,250.0,,com.sec.android.app.shealth,87fe649f-0247-43bf-b079-4fd6d5050368,
2020-07-27 13:36:06.308,250.0,,2020-07-27 13:36:06.693,2020-07-27 13:36:06.693,,,UTC+0530,NCYwqyvfDX,250.0,,com.sec.android.app.shealth,8583fc69-6dd7-484b-bb32-715bba26e4e0,
2020-07-09 13:23:38.147,250.0,,2020-07-09 13:23:38.535,2020-07-09 13:23:38.535,,,UTC+0530,NCYwqyvfDX,250.0,,com.sec.android.app.shealth,99655e94-f762-41df-ba9b-dcb261c266bf,
2020-07-19 06:32:38.978,250.0,,2020-07-19 06:32:39.335,2020-07-19 06:32:39.335,,,UTC+0530,NCYwqyvfDX,250.0,,com.sec.android.app.shealth,92835214-5e80-4855-834f-28d99d363613,
2020-07-08 12:40:01.085,250.0,,2020-07-08 12:40:01.452,2020-07-08 12:40:01.452,,,UTC+0530,NCYwqyvfDX,250.0,,com.sec.android.app.shealth,9b18481f-2101-4cbb-b646-cbdea70a04d7,
2020-07-18 17:22:15.010,250.0,,2020-07-18 17:22:15.367,2020-07-18 17:22:15.367,,,UTC+0530,NCYwqyvfDX,250.0,,com.sec.android.app.shealth,6909856a-db11-46aa-9f64-c2edc2c6978c,
2020-07-20 15:51:22.446,250.0,,2020-07-20 15:51:22.802,2020-07-20 15:51:22.802,,,UTC+0530,NCYwqyvfDX,250.0,,com.sec.android.app.shealth,e133dba3-0a6f-48f2-9fdc-d780852a8e64,
2020-07-20 15:51:31.571,250.0,,2020-07-20 15:51:31.928,2020-07-20 15:51:31.928,,,UTC+0530,NCYwqyvfDX,250.0,,com.sec.android.app.shealth,0b3d6874-fbb8-4c85-afae-dd854eafefd8,
2020-07-28 17:19:37.804,250.0,,2020-07-28 17:19:38.174,2020-07-28 17:19:38.174,,,UTC+0530,NCYwqyvfDX,250.0,,com.sec.android.app.shealth,cd0ce2cc-cada-420b-b444-77e09ff3d4d9,
2020-07-06 04:51:52.678,250.0,,2020-07-06 04:51:53.046,2020-07-06 04:51:53.046,,,UTC+0530,NCYwqyvfDX,250.0,,com.sec.android.app.shealth,8369b7c4-6cdc-4b34-ba92-697e983395db,
2020-07-28 17:19:36.435,250.0,,2020-07-28 17:19:36.804,2020-07-28 17:19:36.804,,,UTC+0530,NCYwqyvfDX,250.0,,com.sec.android.app.shealth,9dcd6b1b-73df-4279-9952-69082b43d30b,
2020-07-10 13:24:15.658,250.0,,2020-07-10 13:24:16.018,2020-07-10 13:24:16.018,,,UTC+0530,NCYwqyvfDX,250.0,,com.sec.android.app.shealth,9450f295-2cff-47fc-ada2-4a695f9aaf43,
2020-07-08 14:59:41.161,250.0,,2020-07-08 14:59:41.520,2020-07-08 14:59:41.520,,,UTC+0530,NCYwqyvfDX,250.0,,com.sec.android.app.shealth,c586a89d-e95f-4feb-a030-a27e2c3be6c7,
2020-07-06 17:33:45.859,250.0,,2020-07-06 17:33:46.217,2020-07-06 17:33:46.217,,,UTC+0530,NCYwqyvfDX,250.0,,com.sec.android.app.shealth,fc8b4b80-33ba-4578-96df-94e0fb847b65,
2020-07-15 15:50:43.495,250.0,,2020-07-15 15:50:43.854,2020-07-15 15:50:43.854,,,UTC+0530,NCYwqyvfDX,250.0,,com.sec.android.app.shealth,17cbe4e1-c6c3-46ed-b74f-6e5e8863b670,
2020-07-11 07:06:46.494,250.0,,2020-07-11 07:06:46.859,2020-07-11 07:06:46.859,,,UTC+0530,NCYwqyvfDX,250.0,,com.sec.android.app.shealth,a65cb4ed-d790-4673-b144-23c4a9bf4c37,
2020-07-27 13:36:21.415,250.0,,2020-07-27 13:36:21.786,2020-07-27 13:36:21.786,,,UTC+0530,NCYwqyvfDX,250.0,,com.sec.android.app.shealth,2f9ffb0d-2e18-4139-a4c2-af50d023ef84,
2020-07-07 02:42:32.086,250.0,,2020-07-07 02:42:32.454,2020-07-07 02:42:32.454,,,UTC+0530,NCYwqyvfDX,250.0,,com.sec.android.app.shealth,c6c6e5e7-25ee-4bd7-ae44-f65a87151e58,
2019-08-19 15:43:22.150,250.0,,2019-08-19 15:43:22.505,2019-08-19 15:43:22.505,,,UTC+0530,NCYwqyvfDX,250.0,,com.sec.android.app.shealth,7ae43e2c-feb8-4f8c-9dba-675b655ef5b1,
2021-04-10 17:56:22.120,250.0,,2021-04-10 17:56:22.478,2021-04-10 17:56:22.478,,,UTC+0530,NCYwqyvfDX,250.0,,com.sec.android.app.shealth,9035fc5b-3d06-4370-a0b4-4b71a03bf878,
2020-07-14 07:21:37.839,250.0,,2020-07-14 07:21:38.208,2020-07-14 07:21:38.208,,,UTC+0530,NCYwqyvfDX,250.0,,com.sec.android.app.shealth,04c8e456-3f8e-428e-a102-b0f99efccf14,
2021-04-10 17:56:21.202,250.0,,2021-04-10 17:56:21.563,2021-04-10 17:56:21.563,,,UTC+0530,NCYwqyvfDX,250.0,,com.sec.android.app.shealth,ef929c2c-9387-4709-9d58-a465f6f49b05,
2020-07-15 15:50:47.351,250.0,,2020-07-15 15:50:47.715,2020-07-15 15:50:47.715,,,UTC+0530,NCYwqyvfDX,250.0,,com.sec.android.app.shealth,cc282db4-21e9-44fa-b18e-0dc2983c5e06,
2020-07-18 13:34:43.227,250.0,,2020-07-18 13:34:43.583,2020-07-18 13:34:43.583,,,UTC+0530,NCYwqyvfDX,250.0,,com.sec.android.app.shealth,01ce771a-6c4a-4f75-a363-05d699a2ecf3,
2020-07-29 18:11:04.409,250.0,,2020-07-29 18:11:04.779,2020-07-29 18:11:04.779,,,UTC+0530,NCYwqyvfDX,250.0,,com.sec.android.app.shealth,3de89f02-769a-4881-a946-66747c84ad5e,
2020-07-15 07:40:26.629,250.0,,2020-07-15 07:40:26.986,2020-07-15 07:40:26.986,,,UTC+0530,NCYwqyvfDX,250.0,,com.sec.android.app.shealth,5a841f4e-7c81-4f70-81da-a87e6396e5f8,
2020-07-29 18:11:10.189,250.0,,2020-07-29 18:11:10.557,2020-07-29 18:11:10.557,,,UTC+0530,NCYwqyvfDX,250.0,,com.sec.android.app.shealth,79c89d74-1ec6-42d6-81e6-f71f12b20177,
2020-07-29 18:11:03.642,250.0,,2020-07-29 18:11:04.012,2020-07-29 18:11:04.012,,,UTC+0530,NCYwqyvfDX,250.0,,com.sec.android.app.shealth,96f45db0-e554-4ad9-ba2a-fdf202b9d9f6,
2021-04-10 17:56:22.589,250.0,,2021-04-10 17:56:22.947,2021-04-10 17:56:22.947,,,UTC+0530,NCYwqyvfDX,250.0,,com.sec.android.app.shealth,4fee22ae-d1b0-4411-bb72-449bea9f1af6,
2020-07-06 17:33:46.735,250.0,,2020-07-06 17:33:47.096,2020-07-06 17:33:47.096,,,UTC+0530,NCYwqyvfDX,250.0,,com.sec.android.app.shealth,f1ab3656-6416-4028-9320-cb9ee3b90165,
2020-07-13 16:50:47.161,250.0,,2020-07-13 16:50:47.527,2020-07-13 16:50:47.527,,,UTC+0530,NCYwqyvfDX,250.0,,com.sec.android.app.shealth,e98f1bf1-dff0-41ba-8ed3-da68690cdf17,
2020-07-12 07:19:28.682,250.0,,2020-07-12 07:19:29.054,2020-07-12 07:19:29.054,,,UTC+0530,NCYwqyvfDX,250.0,,com.sec.android.app.shealth,f44bdc32-0b56-48a8-977f-674137535bd8,
2020-07-15 15:50:42.976,250.0,,2020-07-15 15:50:43.357,2020-07-15 15:50:43.357,,,UTC+0530,NCYwqyvfDX,250.0,,com.sec.android.app.shealth,5322a3a8-9398-463f-9db2-0e3d7068db2e,
2020-07-20 15:51:23.294,250.0,,2020-07-20 15:51:23.654,2020-07-20 15:51:23.654,,,UTC+0530,NCYwqyvfDX,250.0,,com.sec.android.app.shealth,344368bd-46d3-47ba-984e-f6d18dde9e8d,
2020-07-14 18:24:14.287,250.0,,2020-07-14 18:24:14.643,2020-07-14 18:24:14.643,,,UTC+0530,NCYwqyvfDX,250.0,,com.sec.android.app.shealth,77acce02-e6fa-4bd3-a02c-ca406d7c105a,
2020-07-18 17:22:12.143,250.0,,2020-07-18 17:22:12.504,2020-07-18 17:22:12.504,,,UTC+0530,NCYwqyvfDX,250.0,,com.sec.android.app.shealth,cdd39223-18a6-4b13-8aa6-5dda9d1af12e,
2020-07-15 04:18:18.444,250.0,,2020-07-15 04:18:18.800,2020-07-15 04:18:18.800,,,UTC+0530,NCYwqyvfDX,250.0,,com.sec.android.app.shealth,53058508-db0d-4985-b7eb-83f9d31e71c9,
2020-07-29 18:11:02.106,250.0,,2020-07-29 18:11:02.477,2020-07-29 18:11:02.477,,,UTC+0530,NCYwqyvfDX,250.0,,com.sec.android.app.shealth,226bf1d0-a8bf-4f37-a507-50af433e410d,
2020-07-29 18:11:05.078,250.0,,2020-07-29 18:11:05.449,2020-07-29 18:11:05.449,,,UTC+0530,NCYwqyvfDX,250.0,,com.sec.android.app.shealth,41bb7b1a-28c4-4d4e-a90e-739de6fc7aaa,
2020-07-20 12:15:24.642,250.0,,2020-07-20 12:15:24.997,2020-07-20 12:15:24.997,,,UTC+0530,NCYwqyvfDX,250.0,,com.sec.android.app.shealth,75682d61-0c02-4313-81ff-5150ae62b018,
2020-07-20 15:51:27.867,250.0,,2020-07-20 15:51:28.226,2020-07-20 15:51:28.226,,,UTC+0530,NCYwqyvfDX,250.0,,com.sec.android.app.shealth,c630c7bb-e9d2-427d-8ad8-ddc8137f351e,
2020-07-08 04:19:41.570,250.0,,2020-07-08 04:19:41.929,2020-07-08 04:19:41.929,,,UTC+0530,NCYwqyvfDX,250.0,,com.sec.android.app.shealth,87458bf4-fae6-4938-a37a-ef627ad000bd,
2020-07-16 16:29:33.510,250.0,,2020-07-16 16:29:33.883,2020-07-16 16:29:33.883,,,UTC+0530,NCYwqyvfDX,250.0,,com.sec.android.app.shealth,0cf8925a-3391-428a-9835-5466022215e4,
2020-07-13 10:04:09.237,250.0,,2020-07-13 10:04:09.593,2020-07-13 10:04:09.593,,,UTC+0530,NCYwqyvfDX,250.0,,com.sec.android.app.shealth,fb7acf57-4ba2-46df-8c54-3f788fc93865,
2020-07-14 18:24:15.751,250.0,,2020-07-14 18:24:16.112,2020-07-14 18:24:16.112,,,UTC+0530,NCYwqyvfDX,250.0,,com.sec.android.app.shealth,5cb067fb-39bf-41c2-906e-9378a7c745e3,
2020-07-18 17:22:14.519,250.0,,2020-07-18 17:22:14.883,2020-07-18 17:22:14.883,,,UTC+0530,NCYwqyvfDX,250.0,,com.sec.android.app.shealth,883b03ff-c4bf-4579-92b6-6568a2b15516,
2020-07-27 13:36:07.995,250.0,,2020-07-27 13:36:08.363,2020-07-27 13:36:08.363,,,UTC+0530,NCYwqyvfDX,250.0,,com.sec.android.app.shealth,ec6ec93e-dc9a-4181-8c96-8a6af1e499f2,
2019-08-19 15:43:28.710,250.0,,2019-08-19 15:43:29.067,2019-08-19 15:43:29.067,,,UTC+0530,NCYwqyvfDX,250.0,,com.sec.android.app.shealth,5dcac876-2d35-421b-b55b-e0be4c4d0d03,
2020-07-11 07:06:48.801,250.0,,2020-07-11 07:06:49.158,2020-07-11 07:06:49.158,,,UTC+0530,NCYwqyvfDX,250.0,,com.sec.android.app.shealth,77743c31-b05d-4267-af69-2e602944b997,
2020-07-27 13:36:20.415,250.0,,2020-07-27 13:36:20.782,2020-07-27 13:36:20.782,,,UTC+0530,NCYwqyvfDX,250.0,,com.sec.android.app.shealth,a2d680e8-0933-44c6-afd1-2e8486b69d63,
2020-07-28 13:19:57.974,250.0,,2020-07-28 13:19:58.331,2020-07-28 13:19:58.331,,,UTC+0530,NCYwqyvfDX,250.0,,com.sec.android.app.shealth,d3597af9-b9ee-47cb-8d05-8abb01587712,
2020-07-09 04:25:44.081,250.0,,2020-07-09 04:25:44.440,2020-07-09 04:25:44.440,,,UTC+0530,NCYwqyvfDX,250.0,,com.sec.android.app.shealth,4843dbdf-985b-4ce9-b9d2-30b398afd55a,
2020-07-28 13:20:01.572,250.0,,2020-07-28 13:20:01.936,2020-07-28 13:20:01.936,,,UTC+0530,NCYwqyvfDX,250.0,,com.sec.android.app.shealth,4163e55d-ed36-4d3c-aa94-828393ef7dc2,
2019-08-19 15:43:28.030,250.0,,2019-08-19 15:43:28.404,2019-08-19 15:43:28.404,,,UTC+0530,NCYwqyvfDX,250.0,,com.sec.android.app.shealth,e0c62840-46ce-4523-999d-b2326b245270,
2020-07-17 04:28:16.017,250.0,,2020-07-17 04:28:16.375,2020-07-17 04:28:16.375,,,UTC+0530,NCYwqyvfDX,250.0,,com.sec.android.app.shealth,de8a767b-5d97-450c-9e78-32f4b92adb4e,
2021-04-10 17:56:16.880,250.0,,2021-04-10 17:56:17.263,2021-04-10 17:56:17.263,,,UTC+0530,NCYwqyvfDX,250.0,,com.sec.android.app.shealth,f6014c49-1702-426a-abe8-f09b1d952993,
2019-08-19 15:43:30.363,250.0,,2019-08-19 15:43:30.718,2019-08-19 15:43:30.718,,,UTC+0530,NCYwqyvfDX,250.0,,com.sec.android.app.shealth,fcc4b241-67e4-4c4e-b77c-6b544ea81caa,
2020-07-07 02:42:16.858,250.0,,2020-07-07 02:42:17.230,2020-07-07 02:42:17.230,,,UTC+0530,NCYwqyvfDX,250.0,,com.sec.android.app.shealth,a677d07b-4d6b-4892-9e0b-65949af18d4e,
2020-07-12 07:19:29.501,250.0,,2020-07-12 07:19:29.857,2020-07-12 07:19:29.857,,,UTC+0530,NCYwqyvfDX,250.0,,com.sec.android.app.shealth,aac98cee-bf08-4fb7-a955-b3cdb591cc92,
2019-08-19 15:43:20.898,250.0,,2019-08-19 15:43:21.253,2019-08-19 15:43:21.253,,,UTC+0530,NCYwqyvfDX,250.0,,com.sec.android.app.shealth,f0f210cd-eaca-46e8-b616-e74248d2ab84,
2020-07-16 05:04:02.640,250.0,,2020-07-16 05:04:03.005,2020-07-16 05:04:03.005,,,UTC+0530,NCYwqyvfDX,250.0,,com.sec.android.app.shealth,59593ba1-151d-4410-8b44-8d46adf548f5,
2020-07-13 13:31:51.955,250.0,,2020-07-13 13:31:52.316,2020-07-13 13:31:52.316,,,UTC+0530,NCYwqyvfDX,250.0,,com.sec.android.app.shealth,3bb8eead-cc4b-48ac-a75c-4998dcc9064e,
2020-07-28 17:19:35.597,250.0,,2020-07-28 17:19:35.971,2020-07-28 17:19:35.971,,,UTC+0530,NCYwqyvfDX,250.0,,com.sec.android.app.shealth,738128a0-9644-4470-ba72-aa6a1e0dee3d,
2020-07-08 07:14:32.285,250.0,,2020-07-08 07:14:32.657,2020-07-08 07:14:32.657,,,UTC+0530,NCYwqyvfDX,250.0,,com.sec.android.app.shealth,b1160473-81a2-464a-bfd2-55b949bb3d13,
2020-07-11 07:06:47.796,250.0,,2020-07-11 07:06:47.857,2020-07-11 07:06:47.857,,,UTC+0530,NCYwqyvfDX,250.0,,com.sec.android.app.shealth,45e188fa-d358-4dce-a112-49b150b8f096,
2020-07-28 17:19:37.050,250.0,,2020-07-28 17:19:37.422,2020-07-28 17:19:37.422,,,UTC+0530,NCYwqyvfDX,250.0,,com.sec.android.app.shealth,f36d180b-f03a-46a0-85dc-5432cca69a42,
2020-07-14 18:24:13.137,250.0,,2020-07-14 18:24:13.518,2020-07-14 18:24:13.518,,,UTC+0530,NCYwqyvfDX,250.0,,com.sec.android.app.shealth,fec85341-0d9f-4077-9137-7ae7cca9672d,
2020-07-10 03:51:15.827,250.0,,2020-07-10 03:51:16.185,2020-07-10 03:51:16.185,,,UTC+0530,NCYwqyvfDX,250.0,,com.sec.android.app.shealth,8d48023d-354b-4854-bb4d-cf03666e1f8b,
2020-07-09 07:21:10.554,250.0,,2020-07-09 07:21:10.912,2020-07-09 07:21:10.912,,,UTC+0530,NCYwqyvfDX,250.0,,com.sec.android.app.shealth,7982f923-cfdc-42d8-b80d-38e8274861d6,
2019-08-19 15:43:21.686,250.0,,2019-08-19 15:43:22.041,2019-08-19 15:43:22.041,,,UTC+0530,NCYwqyvfDX,250.0,,com.sec.android.app.shealth,16b77e1a-6699-4220-8950-137d07d5f2a6,
2020-07-27 13:36:05.206,250.0,,2020-07-27 13:36:05.576,2020-07-27 13:36:05.576,,,UTC+0530,NCYwqyvfDX,250.0,,com.sec.android.app.shealth,f7945313-9501-44f7-b0e8-f5a40c269e47,
2020-07-29 18:11:01.386,250.0,,2020-07-29 18:11:01.745,2020-07-29 18:11:01.745,,,UTC+0530,NCYwqyvfDX,250.0,,com.sec.android.app.shealth,22782e4b-21ed-42cd-8244-5c64aeccd117,
2020-07-14 07:21:34.932,250.0,,2020-07-14 07:21:35.293,2020-07-14 07:21:35.293,,,UTC+0530,NCYwqyvfDX,250.0,,com.sec.android.app.shealth,ac807fb0-71d8-4c88-9015-cabc7f5515d9,
2020-07-09 16:36:09.546,250.0,,2020-07-09 16:36:09.907,2020-07-09 16:36:09.907,,,UTC+0530,NCYwqyvfDX,250.0,,com.sec.android.app.shealth,a1f2ecc6-78c0-42fa-9cd8-0bb9daa62396,
2021-04-10 17:56:15.502,250.0,,2021-04-10 17:56:15.859,2021-04-10 17:56:15.859,,,UTC+0530,NCYwqyvfDX,250.0,,com.sec.android.app.shealth,6ab93d08-850e-456e-a3f9-80ce76d063f8,
2020-07-29 18:11:05.830,250.0,,2020-07-29 18:11:06.201,2020-07-29 18:11:06.201,,,UTC+0530,NCYwqyvfDX,250.0,,com.sec.android.app.shealth,c71df48c-4882-4597-80c0-dbe20f8a8ce8,
2020-07-14 18:24:17.317,250.0,,2020-07-14 18:24:17.672,2020-07-14 18:24:17.672,,,UTC+0530,NCYwqyvfDX,250.0,,com.sec.android.app.shealth,6d716efc-5db9-44ef-a2ec-1cf97b0af745,
2020-07-07 13:59:48.881,250.0,,2020-07-07 13:59:49.237,2020-07-07 13:59:49.237,,,UTC+0530,NCYwqyvfDX,250.0,,com.sec.android.app.shealth,bf7f9c6b-9522-4fc3-b561-c4a799360a53,
2020-07-28 13:19:59.712,250.0,,2020-07-28 13:20:00.083,2020-07-28 13:20:00.083,,,UTC+0530,NCYwqyvfDX,250.0,,com.sec.android.app.shealth,50d06fb3-997c-48a3-a68c-21fdbd98757d,
2020-07-08 15:34:59.038,250.0,,2020-07-08 15:34:59.400,2020-07-08 15:34:59.400,,,UTC+0530,NCYwqyvfDX,250.0,,com.sec.android.app.shealth,9bb1c77e-7f3a-4f0a-8598-e916a98937ef,
2020-07-09 13:23:36.594,250.0,,2020-07-09 13:23:36.980,2020-07-09 13:23:36.980,,,UTC+0530,NCYwqyvfDX,250.0,,com.sec.android.app.shealth,235fddf4-b5cc-4c79-908d-6069b2260bdc,
2020-07-18 05:10:54.228,250.0,,2020-07-18 05:10:54.586,2020-07-18 05:10:54.586,,,UTC+0530,NCYwqyvfDX,250.0,,com.sec.android.app.shealth,667dd682-af70-486b-a10f-47d714e0bd4a,
2020-07-18 08:37:39.398,250.0,,2020-07-18 08:37:39.775,2020-07-18 08:37:39.775,,,UTC+0530,NCYwqyvfDX,250.0,,com.sec.android.app.shealth,67a248be-27b4-414d-9d97-be44d0a173e6,
2020-07-09 07:21:11.805,250.0,,2020-07-09 07:21:12.164,2020-07-09 07:21:12.164,,,UTC+0530,NCYwqyvfDX,250.0,,com.sec.android.app.shealth,74bff66c-c6ea-4842-9909-925be71a6922,
2020-07-14 18:24:14.981,250.0,,2020-07-14 18:24:15.351,2020-07-14 18:24:15.351,,,UTC+0530,NCYwqyvfDX,250.0,,com.sec.android.app.shealth,05bbb087-83bb-47e7-a8c3-a0f6bf8e20f0,
2020-07-28 13:20:04.240,250.0,,2020-07-28 13:20:04.606,2020-07-28 13:20:04.606,,,UTC+0530,NCYwqyvfDX,250.0,,com.sec.android.app.shealth,51773b5f-a4eb-47a6-981c-ada12e92b6e8,
2020-07-20 15:51:32.395,250.0,,2020-07-20 15:51:32.751,2020-07-20 15:51:32.751,,,UTC+0530,NCYwqyvfDX,250.0,,com.sec.android.app.shealth,cef701b2-f3ad-4395-b5f2-1d496fa3a5fe,
2020-07-12 14:40:36.973,250.0,,2020-07-12 14:40:37.329,2020-07-12 14:40:37.329,,,UTC+0530,NCYwqyvfDX,250.0,,com.sec.android.app.shealth,98be9f18-47a1-4ca6-a75a-388b48584e60,
2020-07-18 05:10:52.644,250.0,,2020-07-18 05:10:53.026,2020-07-18 05:10:53.026,,,UTC+0530,NCYwqyvfDX,250.0,,com.sec.android.app.shealth,ae83e96e-75a3-4c70-b44b-f149e44e78ae,
2020-07-28 13:20:00.594,250.0,,2020-07-28 13:20:00.965,2020-07-28 13:20:00.965,,,UTC+0530,NCYwqyvfDX,250.0,,com.sec.android.app.shealth,bbca0c74-2e50-4449-9f1e-f974dab0cf97,
2020-07-13 10:04:09.679,250.0,,2020-07-13 10:04:10.036,2020-07-13 10:04:10.036,,,UTC+0530,NCYwqyvfDX,250.0,,com.sec.android.app.shealth,91aae6ad-2b66-4a2a-9a59-5391e0150a8f,
2020-07-13 10:04:10.206,250.0,,2020-07-13 10:04:10.561,2020-07-13 10:04:10.561,,,UTC+0530,NCYwqyvfDX,250.0,,com.sec.android.app.shealth,9ce4dba0-0b8e-48b5-bfeb-be45fca02409,
2021-04-10 17:56:21.653,250.0,,2021-04-10 17:56:22.010,2021-04-10 17:56:22.010,,,UTC+0530,NCYwqyvfDX,250.0,,com.sec.android.app.shealth,6db1c1ba-cad9-4ede-b81a-7f8fd099d30c,
2021-04-10 17:56:18.266,250.0,,2021-04-10 17:56:18.622,2021-04-10 17:56:18.622,,,UTC+0530,NCYwqyvfDX,250.0,,com.sec.android.app.shealth,05b31f36-2bd3-48de-a89e-02155ea06e4c,
2020-07-09 04:25:44.555,250.0,,2020-07-09 04:25:44.912,2020-07-09 04:25:44.912,,,UTC+0530,NCYwqyvfDX,250.0,,com.sec.android.app.shealth,303dade8-2b9c-45f3-ad98-0161c54add30,
2020-07-10 07:33:16.994,250.0,,2020-07-10 07:33:17.348,2020-07-10 07:33:17.348,,,UTC+0530,NCYwqyvfDX,250.0,,com.sec.android.app.shealth,f462f837-967b-4d73-ae3a-23b57820dabe,
2020-07-10 07:33:15.812,250.0,,2020-07-10 07:33:16.172,2020-07-10 07:33:16.172,,,UTC+0530,NCYwqyvfDX,250.0,,com.sec.android.app.shealth,9cffea01-663b-4625-ba45-ccdf206fd720,
2020-07-14 07:21:38.892,250.0,,2020-07-14 07:21:39.254,2020-07-14 07:21:39.254,,,UTC+0530,NCYwqyvfDX,250.0,,com.sec.android.app.shealth,6c02e588-d987-4b82-82e7-19a94f3d4038,
2020-07-13 04:07:39.918,250.0,,2020-07-13 04:07:40.275,2020-07-13 04:07:40.275,,,UTC+0530,NCYwqyvfDX,250.0,,com.sec.android.app.shealth,fb60583a-c348-4a13-b8e7-83d3403cb37f,
2020-07-20 12:15:21.166,250.0,,2020-07-20 12:15:21.520,2020-07-20 12:15:21.520,,,UTC+0530,NCYwqyvfDX,250.0,,com.sec.android.app.shealth,04c3cb38-2f11-4199-b948-6709ae72d84a,
2020-07-08 07:14:32.817,250.0,,2020-07-08 07:14:33.175,2020-07-08 07:14:33.175,,,UTC+0530,NCYwqyvfDX,250.0,,com.sec.android.app.shealth,f6543aa2-cf8b-4479-b67a-7984267a3886,
2021-04-10 17:56:14.842,250.0,,2021-04-10 17:56:15.207,2021-04-10 17:56:15.207,,,UTC+0530,NCYwqyvfDX,250.0,,com.sec.android.app.shealth,8c78f880-4baf-4355-8737-f344ebf2a496,
2019-08-19 15:43:29.479,250.0,,2019-08-19 15:43:29.855,2019-08-19 15:43:29.855,,,UTC+0530,NCYwqyvfDX,250.0,,com.sec.android.app.shealth,bf3402fb-ee5f-43e1-a55e-908ca39fd785,
2020-07-29 18:11:08.652,250.0,,2020-07-29 18:11:09.021,2020-07-29 18:11:09.021,,,UTC+0530,NCYwqyvfDX,250.0,,com.sec.android.app.shealth,3ba03d9d-059e-4a9f-8060-0625e00c0fdd,
2020-07-08 16:05:26.707,250.0,,2020-07-08 16:05:27.065,2020-07-08 16:05:27.065,,,UTC+0530,NCYwqyvfDX,250.0,,com.sec.android.app.shealth,8b943c91-ccbc-4dec-a3d6-5f05cb54685b,
2020-07-16 16:29:37.559,250.0,,2020-07-16 16:29:37.920,2020-07-16 16:29:37.920,,,UTC+0530,NCYwqyvfDX,250.0,,com.sec.android.app.shealth,49e92aaf-e3c6-4e50-8fc1-722616d82276,
2020-07-27 13:36:08.745,250.0,,2020-07-27 13:36:09.123,2020-07-27 13:36:09.123,,,UTC+0530,NCYwqyvfDX,250.0,,com.sec.android.app.shealth,fbb6cb14-5779-493b-a466-49b470cd65ee,
2020-07-18 17:22:12.908,250.0,,2020-07-18 17:22:13.268,2020-07-18 17:22:13.268,,,UTC+0530,NCYwqyvfDX,250.0,,com.sec.android.app.shealth,5acdf600-da6b-4c22-aac5-02aeca4c77a1,
2020-07-14 18:24:16.886,250.0,,2020-07-14 18:24:17.247,2020-07-14 18:24:17.247,,,UTC+0530,NCYwqyvfDX,250.0,,com.sec.android.app.shealth,5ccccc55-a8f7-4f01-b9f8-89ee7a496eaf,
2020-07-16 16:29:38.222,250.0,,2020-07-16 16:29:38.579,2020-07-16 16:29:38.579,,,UTC+0530,NCYwqyvfDX,250.0,,com.sec.android.app.shealth,6e8338c8-8d31-4ff4-a812-78a2f1224ba2,
2020-07-15 15:50:41.656,250.0,,2020-07-15 15:50:42.015,2020-07-15 15:50:42.015,,,UTC+0530,NCYwqyvfDX,250.0,,com.sec.android.app.shealth,49ad5c88-fdc8-4e42-b4d4-c464a852997d,
2024-01-18 04:10:45.661,250.0,,2024-01-18 04:10:45.664,2024-01-18 04:10:45.664,,,UTC+0530,ZYfDZ77fyr,250.0,,com.sec.android.app.shealth,d1d6117b-5989-4fa3-a1cb-dfac98b9ff99,
2024-01-18 04:10:49.141,250.0,,2024-01-18 04:10:49.144,2024-01-18 04:10:49.144,,,UTC+0530,ZYfDZ77fyr,250.0,,com.sec.android.app.shealth,d5adf969-d4f3-4fb9-a27b-fe71ab3a35bf,
2024-01-18 04:10:50.699,250.0,,2024-01-18 04:10:50.703,2024-01-18 04:10:50.703,,,UTC+0530,ZYfDZ77fyr,250.0,,com.sec.android.app.shealth,d6e67dc6-2cf6-4ec0-a7bc-3af5254fe130,
2024-01-18 04:10:51.812,250.0,,2024-01-18 04:10:51.814,2024-01-18 04:10:51.814,,,UTC+0530,ZYfDZ77fyr,250.0,,com.sec.android.app.shealth,9f3e6cf6-d389-43e1-bf5c-e8b80038ad56,
