date,rest_calorie,active_calorie,total_calories_burned
2019-05-16,1610.3641,0.0,1610.3641
2019-05-17,1610.3641,0.0,1610.3641
2019-05-18,1610.3641,0.0,1610.3641
2019-05-19,1610.3641,0.0,1610.3641
2019-05-20,1610.3641,0.0,1610.3641
2019-05-21,1610.3641,0.0,1610.3641
2019-05-22,1610.3641,0.0,1610.3641
2019-05-23,1610.3641,0.0,1610.3641
2019-05-24,1610.3641,0.0,1610.3641
2019-05-25,1610.3641,0.0,1610.3641
2019-05-26,1610.3641,0.0,1610.3641
2019-05-27,1610.3641,0.0,1610.3641
2019-05-28,1610.3641,0.0,1610.3641
2019-05-29,1610.3641,0.0,1610.3641
2019-05-30,1610.3641,0.0,1610.3641
2019-05-31,1610.3641,0.0,1610.3641
2019-06-01,1610.3641,0.0,1610.3641
2019-06-02,1610.3641,0.0,1610.3641
2019-06-03,1610.3641,0.0,1610.3641
2019-06-04,1610.3641,0.0,1610.3641
2019-06-05,1610.3641,0.0,1610.3641
2019-06-06,1610.3641,0.0,1610.3641
2019-06-07,1610.3641,0.0,1610.3641
2019-06-08,1610.3641,0.0,1610.3641
2019-06-09,1610.3641,0.0,1610.3641
2019-06-10,1610.3641,0.0,1610.3641
2019-06-11,1610.3641,0.0,1610.3641
2019-06-12,1591.2574,57.099987,1648.357387
2019-06-13,1533.8315,257.25,1791.0815
2019-06-14,1483.745,462.84106,1946.5860599999999
2019-06-15,1508.9475,344.67993,1853.62743
2019-06-16,1565.8079,151.60997,1717.41787
2019-06-17,1548.2798,207.7,1755.9798
2019-06-18,1593.2363,58.43,1651.6663
2019-06-19,1569.8582,135.44998,1705.30818
2019-06-20,1563.3668,156.13995,1719.50675
2019-06-21,1553.9585,186.55998,1740.51848
2019-06-22,1568.316,138.56999,1706.88599
2019-06-23,1198.3427,1571.1862,2769.5289000000002
2019-06-24,1524.45,288.38995,1812.83995
2019-06-25,1558.5306,174.46999,1733.00059
2019-06-26,1582.4891,93.72999,1676.21909
2019-06-27,1569.5402,134.85004,1704.39024
2019-06-28,1544.2219,220.36,1764.5819000000001
2019-06-29,1567.0513,144.95001,1712.00131
2019-06-30,1594.1779,53.84,1648.0178999999998
2019-07-01,1594.2666,52.689983,1646.956583
2019-07-02,1597.9993,37.159992,1635.159292
2019-07-03,1585.7664,73.12002,1658.88642
2019-07-04,1576.6216,100.46999,1677.09159
2019-07-05,1561.6934,142.37,1704.0634
2019-07-06,1577.4121,97.94002,1675.35212
2019-07-07,1582.6572,84.4,1667.0572000000002
2019-07-08,1591.733,60.38,1652.113
2019-07-09,1547.3073,199.44997,1746.75727
2019-07-10,1557.197,161.79997,1718.99697
2019-07-11,1600.2247,29.689997,1629.914697
2019-07-12,1598.703,33.989994,1632.692994
2019-07-13,1531.4514,243.23004,1774.6814399999998
2019-07-14,1507.4851,320.28995,1827.7750500000002
2019-07-15,1574.5436,109.47003,1684.01363
2019-07-16,1520.684,280.11996,1800.80396
2019-07-17,1586.8629,80.89,1667.7529000000002
2019-07-18,1557.6425,176.95999,1734.60249
2019-07-19,1541.4718,230.47,1771.9418
2019-07-20,1532.4725,259.76993,1792.24243
2019-07-21,1593.2104,57.659996,1650.870396
2019-07-22,1586.2214,84.46,1670.6814
2019-07-23,1599.3375,36.280003,1635.6175030000002
2019-07-24,1596.0679,46.91,1642.9779
2019-07-25,1580.4089,96.01999,1676.42889
2019-07-26,1557.52,181.29997,1738.81997
2019-07-27,1586.671,81.86001,1668.5310100000002
2019-07-28,1577.8125,118.20003,1696.01253
2019-07-29,1585.1531,87.42001,1672.57311
2019-07-30,1573.594,121.41999,1695.0139900000001
2019-07-31,1561.4098,156.45,1717.8598
2019-08-01,1543.9485,209.76001,1753.70851
2019-08-02,1568.4114,131.17998,1699.5913799999998
2019-08-03,1605.0184,17.730003,1622.7484029999998
2019-08-04,2140.4944,14.46,2154.9544
2019-08-05,2144.5208,4.1800003,2148.7008002999996
2019-08-06,2139.0596,18.36,2157.4196
2019-08-07,2139.0032,18.0,2157.0032
2019-08-08,2140.5938,13.889999,2154.483799
2019-08-09,2139.5466,17.34,2156.8866000000003
2019-08-10,2134.5232,29.410004,2163.933204
2019-08-11,2095.7195,118.43001,2214.14951
2019-08-12,2084.0752,151.81999,2235.89519
2019-08-13,2125.886,49.25,2175.136
2019-08-14,2056.2969,225.40668,2281.70358
2019-08-15,2115.4656,70.59001,2186.05561
2019-08-16,2039.7357,256.25995,2295.99565
2019-08-17,2025.7915,295.94452,2321.7360200000003
2019-08-18,2104.5103,94.59,2199.1003
2019-08-19,1915.9431,557.50006,2473.44316
2019-08-20,1982.8829,620.94977,2603.83267
2019-08-21,2116.3408,108.82999,2225.17079
2019-08-22,2120.374,92.99999,2213.3739899999996
2019-08-23,2094.2175,189.01001,2283.22751
2019-08-24,2110.8196,124.65999,2235.47959
2019-08-25,2034.793,395.18005,2429.97305
2019-08-26,2028.3451,432.76004,2461.10514
2019-08-27,1866.7771,1078.5444,2945.3215
2019-08-28,1922.2037,852.02014,2774.22384
2019-08-29,1867.0629,1087.3022,2954.3651
2019-08-30,2030.0808,438.82007,2468.90087
2019-08-31,2129.0188,63.809986,2192.828786
2019-09-01,2116.1216,106.28997,2222.4115699999998
2019-09-02,2129.6228,59.879993,2189.502793
2019-09-03,1945.2695,784.75146,2730.02096
2019-09-04,2064.3335,304.74997,2369.08347
2019-09-05,2100.9465,167.76006,2268.70656
2019-09-06,2108.967,134.59999,2243.5669900000003
2019-09-07,2065.9592,299.3699,2365.3291
2019-09-08,2092.6313,206.73999,2299.37129
2019-09-09,2079.118,250.41002,2329.5280199999997
2019-09-10,1980.5636,643.64856,2624.21216
2019-09-11,1988.7401,625.6864,2614.4265
2019-09-12,1902.4379,949.1421,2851.58
2019-09-13,2103.3403,156.68005,2260.02035
2019-09-14,2140.693,19.429996,2160.122996
2019-09-15,2116.4937,115.19999,2231.69369
2019-09-16,2051.528,366.906,2418.4339999999997
2019-09-17,2035.2285,434.77533,2470.00383
2019-09-18,2032.0686,441.5488,2473.6174
2019-09-19,2048.1843,384.1683,2432.3525999999997
2019-09-20,2054.8958,343.6799,2398.5757
2019-09-21,2093.8071,195.26999,2289.0770899999998
2019-09-22,2135.875,37.429993,2173.304993
2019-09-23,1994.736,605.6443,2600.3803000000003
2019-09-24,2002.99,579.0937,2582.0837
2019-09-25,2070.425,294.48993,2364.9149300000004
2019-09-26,2122.6167,85.21999,2207.83669
2019-09-27,2115.5833,110.86997,2226.45327
2019-09-28,1999.9175,569.36694,2569.28444
2019-09-29,2072.599,274.61996,2347.21896
2019-09-30,2009.9196,533.3715,2543.2911
2019-10-01,1978.3491,652.83984,2631.18894
2019-10-02,2063.8145,310.1499,2373.9644
2019-10-03,1997.5487,584.0043,2581.553
2019-10-04,2100.0432,168.60002,2268.64322
2019-10-05,2036.7854,418.32996,2455.11536
2019-10-06,2094.6057,190.46997,2285.07567
2019-10-07,2035.4209,427.77042,2463.19132
2019-10-08,2085.705,240.284,2325.989
2019-10-09,2042.6593,402.44003,2445.09933
2019-10-10,2065.2078,322.93576,2388.14356
2019-10-11,1987.8904,612.1638,2600.0542
2019-10-12,2119.1877,96.829994,2216.017694
2019-10-13,2094.5789,183.47,2278.0489
2019-10-14,2084.823,230.06001,2314.88301
2019-10-15,2049.2307,356.81998,2406.0506800000003
2019-10-16,2074.564,266.66,2341.2239999999997
2019-10-17,2016.8983,491.70004,2508.59834
2019-10-18,2058.4983,333.15994,2391.65824
2019-10-19,2061.0251,319.78995,2380.8150499999997
2019-10-20,2137.913,30.959995,2168.872995
2019-10-21,2133.3203,46.29999,2179.62029
2019-10-22,2061.0464,323.0199,2384.0663000000004
2019-10-23,2108.654,150.29999,2258.95399
2019-10-24,2119.4197,96.03999,2215.45969
2019-10-25,2066.3972,293.22995,2359.62715
2019-10-26,2121.0764,91.699974,2212.776374
2019-10-27,2037.7585,405.97,2443.7285
2019-10-28,2070.164,193.01006,2263.1740600000003
2019-10-29,2109.0024,94.190025,2203.1924249999997
2019-10-30,2111.6978,86.37,2198.0678
2019-10-31,2130.4314,39.79,2170.2214
2019-11-01,2124.729,54.569996,2179.298996
2019-11-02,2131.862,35.900005,2167.762005
2019-11-03,2121.1172,62.6,2183.7172
2019-11-04,2135.59,27.060003,2162.650003
2019-11-05,2126.6245,52.579994,2179.204494
2019-11-06,2077.767,169.70999,2247.4769899999997
2019-11-07,2054.7058,337.53998,2392.24578
2019-11-08,2010.1572,408.81018,2418.96738
2019-11-09,2023.2798,306.94006,2330.21986
2019-11-10,1943.0344,510.95993,2453.99433
2019-11-11,2094.395,132.11002,2226.50502
2019-11-12,2085.2114,162.74007,2247.95147
2019-11-13,2085.0781,152.50996,2237.58806
2019-11-14,2062.1057,211.22998,2273.33568
2019-11-15,1989.9778,399.45792,2389.43572
2019-11-16,2065.6658,202.57997,2268.2457700000004
2019-11-17,2128.027,45.879997,2173.906997
2019-11-18,2011.7062,360.88153,2372.58773
2019-11-19,1983.6862,419.5,2403.1862
2019-11-20,2060.3054,222.13196,2282.4373600000004
2019-11-21,2138.97,17.73,2156.7
2019-11-22,2055.5137,233.46991,2288.9836099999998
2019-11-23,2111.8445,85.649994,2197.494494
2019-11-24,2133.626,40.4,2174.0260000000003
2019-11-25,2072.9712,183.45004,2256.42124
2019-11-26,2025.3809,305.14,2330.5209
2019-11-27,2061.2192,215.43,2276.6492
2019-11-28,2061.2612,216.51004,2277.77124
2019-11-29,2024.0479,310.11002,2334.15792
2019-11-30,2114.8037,78.15999,2192.96369
2019-12-01,2108.1128,100.62,2208.7327999999998
2019-12-02,2074.992,179.01996,2254.0119600000003
2019-12-03,2062.1895,212.53003,2274.71953
2019-12-04,2049.3909,246.09001,2295.4809099999998
2019-12-05,2067.1685,202.50995,2269.6784500000003
2019-12-06,2054.5083,225.39598,2279.9042799999997
2019-12-07,1993.8606,382.02832,2375.88892
2019-12-08,2125.4646,37.969997,2163.434597
2019-12-09,2129.6438,27.09,2156.7338
2019-12-10,2063.373,199.69995,2263.07295
2019-12-11,2107.818,83.83999,2191.65799
2019-12-12,2043.6051,245.82993,2289.43503
2019-12-13,2013.6241,324.4899,2338.114
2019-12-14,2027.3062,296.06992,2323.37612
2019-12-15,2119.3015,53.620003,2172.921503
2019-12-16,2101.9814,100.09999,2202.0813900000003
2019-12-17,2047.3771,232.41995,2279.79705
2019-12-18,2079.009,157.15004,2236.15904
2019-12-19,2080.7498,150.31,2231.0598
2019-12-20,2064.2761,255.10995,2319.38605
2019-12-21,2049.8157,329.83987,2379.65557
2019-12-22,2004.5287,494.64993,2499.17863
2019-12-23,2094.333,123.92002,2218.25302
2019-12-24,1915.7451,558.93835,2474.68345
2019-12-25,2098.1497,108.36001,2206.50971
2019-12-26,2081.851,150.04001,2231.8910100000003
2019-12-27,2105.9336,86.48001,2192.4136099999996
2019-12-28,2132.0798,21.779999,2153.859799
2019-12-29,2019.96,300.01996,2319.97996
2019-12-30,2120.621,49.17002,2169.79102
2019-12-31,2017.7178,307.5101,2325.2279
2020-01-01,2088.6667,134.54002,2223.20672
2020-01-02,2088.3892,129.85002,2218.23922
2020-01-03,2091.5803,176.82999,2268.4102900000003
2020-01-04,2123.8372,47.02,2170.8572
2020-01-05,2107.0054,83.079994,2190.085394
2020-01-06,2034.8105,266.93997,2301.75047
2020-01-07,2088.3508,128.66998,2217.0207800000003
2020-01-08,1988.4348,393.94366,2382.37846
2020-01-09,1998.4148,368.76993,2367.18473
2020-01-10,2059.595,206.53992,2266.13492
2020-01-11,2086.5337,134.74997,2221.28367
2020-01-12,2103.8984,92.520004,2196.418404
2020-01-13,2013.3671,325.04974,2338.41684
2020-01-14,1880.5603,665.0735,2545.6338
2020-01-15,1926.9155,543.88007,2470.79557
2020-01-16,1995.744,386.38834,2382.13234
2020-01-17,2005.2529,343.15988,2348.41278
2020-01-18,2090.3425,128.88998,2219.23248
2020-01-19,2037.6244,258.66,2296.2844
2020-01-20,2021.478,435.40997,2456.88797
2020-01-21,1995.4194,532.9,2528.3194
2020-01-22,2018.3016,362.14014,2380.44174
2020-01-23,2011.7504,329.2799,2341.0303
2020-01-24,2056.1707,222.68993,2278.86063
2020-01-25,2068.2708,185.09999,2253.37079
2020-01-26,2080.2498,151.17993,2231.42973
2020-01-27,2036.5648,376.60004,2413.16484
2020-01-28,1998.9246,541.97015,2540.89475
2020-01-29,2029.1101,419.85013,2448.96023
2020-01-30,2009.3379,420.66,2429.9979
2020-01-31,2035.6968,267.26,2302.9568
2020-02-01,2041.5302,254.90001,2296.43021
2020-02-02,2091.4749,179.30997,2270.78487
2020-02-03,2070.5942,263.12994,2333.72414
2020-02-04,2070.2551,264.09988,2334.35498
2020-02-05,1956.7992,687.0916,2643.8908
2020-02-06,2090.6714,184.79997,2275.47137
2020-02-07,2022.7463,437.09988,2459.84618
2020-02-08,2117.3853,91.44998,2208.83528
2020-02-09,2109.7861,114.779976,2224.5660759999996
2020-02-10,2047.767,240.97,2288.737
2020-02-11,2075.6914,171.60999,2247.30139
2020-02-12,2055.5217,215.48997,2271.01167
2020-02-13,2100.1968,102.25,2202.4468
2020-02-14,1991.5394,384.89996,2376.43936
2020-02-15,2126.7686,34.369995,2161.138595
2020-02-16,2109.2708,78.59999,2187.87079
2020-02-17,2043.3209,246.17995,2289.50085
2020-02-18,2056.7957,210.95001,2267.74571
2020-02-19,2113.3906,67.95,2181.3406
2020-02-20,2095.8706,111.99003,2207.86063
2020-02-21,2058.3862,212.52998,2270.9161799999997
2020-02-22,2093.4749,118.36002,2211.8349200000002
2020-02-23,2051.0754,233.06433,2284.1397300000003
2020-02-24,2010.1442,471.05,2481.1942
2020-02-25,2084.0732,143.51003,2227.5832299999997
2020-02-26,2008.9763,338.29694,2347.27324
2020-02-27,2049.2314,233.00998,2282.24138
2020-02-28,2038.0752,258.51004,2296.58524
2020-02-29,2123.1013,43.180004,2166.2813039999996
2020-03-01,2112.2954,71.21999,2183.51539
2020-03-02,2105.6826,85.95,2191.6326
2020-03-03,2090.2415,130.56,2220.8015
2020-03-04,2067.5613,186.44997,2254.01127
2020-03-05,2074.595,170.29999,2244.89499
2020-03-06,2097.3823,111.42004,2208.80234
2020-03-07,1957.7367,465.8279,2423.5645999999997
2020-03-08,2117.2334,58.420017,2175.653417
2020-03-09,2088.3281,156.75002,2245.07812
2020-03-10,2091.637,171.84998,2263.48698
2020-03-11,2067.7585,283.1708,2350.9293
2020-03-12,2045.9288,244.54749,2290.47629
2020-03-13,2106.1465,126.88,2233.0265
2020-03-14,2108.096,115.65999,2223.75599
2020-03-15,2065.5793,265.6599,2331.2392
2020-03-16,2080.4407,151.52998,2231.97068
2020-03-17,2082.0857,145.96997,2228.05567
2020-03-18,2088.4717,130.95999,2219.43169
2020-03-19,2058.6152,210.08995,2268.7051500000002
2020-03-20,2112.3098,70.37,2182.6798
2020-03-21,2128.388,30.660004,2159.0480039999998
2020-03-22,2117.0684,58.46001,2175.52841
2020-03-23,2093.8508,116.29003,2210.1408300000003
2020-03-24,2098.6775,103.940025,2202.6175249999997
2020-03-25,2126.5205,35.14,2161.6605
2020-03-26,2119.0679,54.910015,2173.977915
2020-03-27,2111.021,73.480034,2184.5010340000003
2020-03-28,2110.3103,75.26,2185.5703000000003
2020-03-29,2121.4177,49.760002,2171.177702
2020-03-30,2120.5056,52.149998,2172.655598
2020-03-31,2111.4316,73.200005,2184.631605
2020-04-01,2085.9878,137.02,2223.0078
2020-04-02,2129.214,28.840002,2158.054002
2020-04-03,2128.9036,29.900002,2158.803602
2020-04-04,2111.0105,74.43999,2185.4504899999997
2020-04-05,2103.6223,93.48001,2197.10231
2020-04-06,2123.7412,42.080006,2165.821206
2020-04-07,2117.2998,57.76,2175.0598
2020-04-08,2123.133,43.210003,2166.343003
2020-04-09,2101.737,98.62002,2200.35702
2020-04-10,2118.7837,59.360004,2178.143704
2020-04-11,2133.8743,17.49,2151.3642999999997
2020-04-12,2123.0571,43.859997,2166.917097
2020-04-13,2125.288,38.360004,2163.648004
2020-04-14,2116.2158,68.159996,2184.375796
2020-04-15,2108.2043,81.240005,2189.444305
2020-04-16,2095.1455,113.99,2209.1355
2020-04-17,2118.3242,55.15999,2173.48419
2020-04-18,2072.1414,171.49995,2243.64135
2020-04-19,2064.1077,197.72993,2261.83763
2020-04-20,2117.5608,57.500008,2175.060808
2020-04-21,2126.7024,48.649986,2175.352386
2020-04-22,2082.3184,153.23999,2235.55839
2020-04-23,2124.7856,39.320004,2164.1056040000003
2020-04-24,2121.844,46.809998,2168.6539980000002
2020-04-25,2103.9976,92.51,2196.5076000000004
2020-04-26,2124.9011,38.84001,2163.74111
2020-04-27,2118.9126,54.420013,2173.332613
2020-04-28,2124.2898,40.440002,2164.729802
2020-04-29,2122.7827,44.57999,2167.3626900000004
2020-04-30,2125.3145,39.440006,2164.7545059999998
2020-05-01,2124.4385,46.059994,2170.4984940000004
2020-05-02,2123.6453,60.0,2183.6453
2020-05-03,2126.3555,49.979992,2176.335492
2020-05-04,2122.7363,62.65,2185.3863
2020-05-05,2132.767,19.949997,2152.716997
2020-05-06,2117.0354,59.020008,2176.055408
2020-05-07,2127.4626,32.53,2159.9926
2020-05-08,2106.78,84.490005,2191.2700050000003
2020-05-09,2100.1348,101.219986,2201.354786
2020-05-10,2095.2122,116.09001,2211.30221
2020-05-11,2100.5034,101.59001,2202.09341
2020-05-12,2114.4417,64.99,2179.4316999999996
2020-05-13,2124.726,39.61,2164.3360000000002
2020-05-14,2118.6902,55.34,2174.0302
2020-05-15,2127.089,49.64,2176.729
2020-05-16,2098.851,154.43997,2253.29097
2020-05-17,2127.8757,45.429996,2173.305696
2020-05-18,2103.1257,137.31,2240.4357
2020-05-19,2124.4053,57.76,2182.1653
2020-05-20,2125.6545,53.289993,2178.944493
2020-05-21,2071.1626,258.85992,2330.02252
2020-05-22,2101.1084,142.40996,2243.51836
2020-05-23,2096.1367,165.11,2261.2467
2020-05-24,2058.9858,307.88666,2366.87246
2020-05-25,2064.7168,291.72992,2356.44672
2020-05-26,2106.2188,132.21133,2238.43013
2020-05-27,2075.7268,255.73096,2331.45776
2020-05-28,2097.3486,164.58997,2261.93857
2020-05-29,2017.2607,471.39594,2488.65664
2020-05-30,2075.9133,253.754,2329.6673
2020-05-31,2106.5967,127.099976,2233.696676
2020-06-01,2062.6724,288.1286,2350.801
2020-06-02,2075.2693,253.13992,2328.40922
2020-06-03,2034.7831,419.0362,2453.8193
2020-06-04,2091.417,185.54999,2276.96699
2020-06-05,2089.682,187.99997,2277.6819699999996
2020-06-06,2069.6094,258.96994,2328.57934
2020-06-07,2078.257,227.09993,2305.35693
2020-06-08,2088.572,188.59996,2277.17196
2020-06-09,2091.869,176.22002,2268.0890200000003
2020-06-10,2102.2686,143.82999,2246.09859
2020-06-11,2115.4785,88.96,2204.4385
2020-06-12,2172.4695,334.7085,2507.1780000000003
2020-06-13,2197.4348,240.82733,2438.26213
2020-06-14,2227.8857,131.19998,2359.0856799999997
2020-06-15,2230.455,88.61999,2319.07499
2020-06-16,2221.9443,103.189995,2325.1342950000003
2020-06-17,2233.7485,75.56999,2309.31849
2020-06-18,2191.1797,178.40002,2369.57972
2020-06-19,2218.3433,110.529976,2328.873276
2020-06-20,2205.5837,144.69997,2350.2836700000003
2020-06-21,2215.8,114.610016,2330.4100160000003
2020-06-22,2242.3342,52.989994,2295.324194
2020-06-23,2186.0732,189.50002,2375.5732199999998
2020-06-24,2214.612,120.12,2334.732
2020-06-25,2254.7192,23.68,2278.3992
2020-06-26,2249.9426,45.32,2295.2626
2020-06-27,2248.1453,39.31,2287.4553
2020-06-28,2251.8342,30.589998,2282.4241979999997
2020-06-29,2247.569,40.339993,2287.908993
2020-06-30,2228.2703,88.090004,2316.3603040000003
2020-07-01,2234.56,70.81,2305.37
2020-07-02,2188.7126,197.66852,2386.38112
2020-07-03,2252.6912,28.829998,2281.5211980000004
2020-07-04,2178.0544,237.86282,2415.91722
2020-07-05,2134.113,426.3599,2560.4728999999998
2020-07-06,2156.7048,375.7362,2532.441
2020-07-07,2136.226,491.92633,2628.15233
2020-07-08,2030.2255,1241.3601,3271.5856000000003
2020-07-09,2027.3483,1279.3572,3306.7055
2020-07-10,2013.9521,1279.8918,3293.8439
2020-07-11,2047.2041,1188.6136,3235.8176999999996
2020-07-12,2125.4773,625.25635,2750.73365
2020-07-13,1994.4574,1487.0231,3481.4805
2020-07-14,1993.7451,1521.95,3515.6951
2020-07-15,2021.3627,1343.4634,3364.8261
2020-07-16,2025.8829,1181.4485,3207.3314
2020-07-17,1978.8114,1385.7125,3364.5239
2020-07-18,1976.6681,1462.3652,3439.0333
2020-07-19,2216.245,102.10998,2318.35498
2020-07-20,1992.7301,1258.9856,3251.7156999999997
2020-07-21,1980.4454,1284.3741,3264.8195
2020-07-22,2232.9146,28.529999,2261.444599
2020-07-23,2106.321,359.52432,2465.84532
2020-07-24,2056.753,497.174,2553.927
2020-07-25,2071.297,598.15533,2669.45233
2020-07-26,2202.6604,144.79001,2347.4504100000004
2020-07-27,2039.7543,1165.071,3204.8253
2020-07-28,2052.7966,1121.9246,3174.7212
2020-07-29,2023.4612,1194.5471,3218.0083
2020-07-30,2234.4463,35.890003,2270.336303
2020-07-31,2230.2598,48.429985,2278.689785
2020-08-01,2215.256,108.44999,2323.70599
2020-08-02,2202.8784,153.64996,2356.5283600000002
2020-08-03,2195.8867,172.11996,2368.00666
2020-08-04,2236.4983,27.53,2264.0283000000004
2020-08-05,2230.3257,49.119995,2279.445695
2020-08-06,2217.342,96.26999,2313.6119900000003
2020-08-07,2223.851,73.47999,2297.33099
2020-08-08,2213.7837,106.77999,2320.56369
2020-08-09,2198.4163,159.68996,2358.10626
2020-08-10,2187.6702,197.36005,2385.03025
2020-08-11,2234.235,32.219997,2266.4549970000003
2020-08-12,2230.6409,33.53,2264.1709
2020-08-13,2233.1191,32.76,2265.8791
2020-08-14,2218.372,62.83999,2281.21199
2020-08-15,2227.9202,39.739998,2267.660198
2020-08-16,2226.2046,60.049995,2286.254595
2020-08-17,2232.5645,40.89,2273.4545
2020-08-18,2207.928,130.25,2338.178
2020-08-19,2211.2605,117.5,2328.7605
2020-08-20,2227.5564,59.329998,2286.886398
2020-08-21,2202.6064,147.24995,2349.85635
2020-08-22,2213.707,104.570015,2318.2770149999997
2020-08-23,2220.0432,84.299995,2304.343195
2020-08-24,2219.3596,85.249985,2304.6095849999997
2020-08-25,2217.391,93.52999,2310.92099
2020-08-26,2156.175,330.923,2487.098
2020-08-27,2223.9624,70.880005,2294.842405
2020-08-28,2225.6328,52.430004,2278.0628039999997
2020-08-29,2229.74,35.340004,2265.080004
2020-08-30,2231.3696,31.660004,2263.029604
2020-08-31,2230.4539,34.710003,2265.163903
2020-09-01,2229.376,36.339993,2265.7159930000003
2020-09-02,2224.3816,49.100002,2273.4816020000003
2020-09-03,2226.4128,44.19,2270.6028
2020-09-04,2228.3188,55.15,2283.4688
2020-09-05,2224.4543,68.310005,2292.7643049999997
2020-09-06,2230.6929,46.679993,2277.372893
2020-09-07,2223.6572,71.62999,2295.28719
2020-09-08,2222.1914,66.520004,2288.711404
2020-09-09,2219.963,59.8,2279.7630000000004
2020-09-10,2226.7107,44.000008,2270.710708
2020-09-11,2223.7925,52.11001,2275.90251
2020-09-12,2202.7896,99.73008,2302.51968
2020-09-13,2226.8806,42.039993,2268.920593
2020-09-14,2233.8813,25.76,2259.6413000000002
2020-09-15,2236.117,23.92,2260.0370000000003
2020-09-16,2231.3652,32.38,2263.7452000000003
2020-09-17,2235.5798,25.8,2261.3798
2020-09-18,2235.3718,22.279997,2257.651797
2020-09-19,2207.945,90.540016,2298.485016
2020-09-20,2175.056,169.44,2344.496
2020-09-21,2237.7458,16.900002,2254.645802
2020-09-22,2212.0273,80.58998,2292.6172800000004
2020-09-23,2231.9717,30.57,2262.5417
2020-09-24,2199.7698,109.24999,2309.01979
2020-09-25,2183.7227,150.27998,2334.0026799999996
2020-09-26,2213.0557,78.499985,2291.555685
2020-09-27,2222.3403,52.460003,2274.800303
2020-09-28,2217.1643,67.9,2285.0643
2020-09-29,2231.75,31.150005,2262.900005
2020-09-30,2230.3499,36.39,2266.7399
2020-10-01,2142.973,381.06497,2524.03797
2020-10-02,2223.4856,72.90998,2296.39558
2020-10-03,2237.018,25.69,2262.708
2020-10-04,2119.3503,335.64536,2454.99566
2020-10-05,2102.4646,374.2213,2476.6859
2020-10-06,2103.8218,378.6847,2482.5065000000004
2020-10-07,2106.7527,375.11285,2481.86555
2020-10-08,2229.9382,36.590004,2266.528204
2020-10-09,2137.143,295.235,2432.378
2020-10-10,2112.1172,365.768,2477.8852
2020-10-11,2111.1099,351.378,2462.4879
2020-10-12,2136.996,280.668,2417.664
2020-10-13,2108.5662,357.386,2465.9522
2020-10-14,2143.3042,277.11,2420.4142
2020-10-15,2136.6775,407.59396,2544.27146
2020-10-16,2219.8623,59.270004,2279.1323039999997
2020-10-17,2219.949,60.180008,2280.129008
2020-10-18,2221.103,56.389996,2277.492996
2020-10-19,2230.4504,34.020004,2264.470404
2020-10-20,2219.142,61.460007,2280.602007
2020-10-21,2226.5867,42.789993,2269.3766929999997
2020-10-22,2207.9849,88.49001,2296.47491
2020-10-23,2220.6387,57.84002,2278.47872
2020-10-24,2214.7031,73.040016,2287.743116
2020-10-25,2227.0781,42.22001,2269.29811
2020-10-26,2234.748,23.939999,2258.687999
2020-10-27,2224.1946,49.410004,2273.6046039999997
2020-10-28,2230.225,34.510006,2264.735006
2020-10-29,2208.5322,87.19998,2295.73218
2020-10-30,2237.3093,18.52,2255.8293
2020-10-31,2231.088,32.52,2263.608
2020-11-01,2223.8071,54.350006,2278.157106
2020-11-02,2227.9238,57.21999,2285.14379
2020-11-03,2231.6633,43.790005,2275.453305
2020-11-04,2234.0896,35.779995,2269.8695949999997
2020-11-05,2227.882,58.01,2285.8920000000003
2020-11-06,2221.8071,82.24999,2304.05709
2020-11-07,2203.2954,141.57994,2344.87534
2020-11-08,2122.6526,414.4001,2537.0526999999997
2020-11-09,2225.0305,67.57,2292.6005
2020-11-10,2224.3333,68.69999,2293.03329
2020-11-11,2219.414,86.24,2305.654
2020-11-12,2199.3455,154.33,2353.6755
2020-11-13,2204.1377,138.97003,2343.10773
2020-11-14,2198.4905,161.80003,2360.2905299999998
2020-11-15,2226.073,59.459995,2285.532995
2020-11-16,2188.6436,136.03,2324.6736
2020-11-17,2212.765,76.32,2289.085
2020-11-18,2221.7546,54.750004,2276.504604
2020-11-19,2131.7183,285.52582,2417.24412
2020-11-20,2132.6636,283.56,2416.2236
2020-11-21,2187.4167,136.74997,2324.16667
2020-11-22,2205.4272,93.950005,2299.3772050000002
2020-11-23,2208.1877,87.81,2295.9977
2020-11-24,2191.5164,196.04993,2387.56633
2020-11-25,2201.1685,149.11998,2350.28848
2020-11-26,2219.654,86.599976,2306.253976
2020-11-27,2226.0488,63.170006,2289.218806
2020-11-28,2213.547,107.56997,2321.11697
2020-11-29,2198.0474,158.86996,2356.91736
2020-11-30,2116.1533,504.26062,2620.41392
2020-12-01,2232.9836,39.800003,2272.783603
2020-12-02,2226.2566,62.250004,2288.506604
2020-12-03,2201.205,154.11996,2355.32496
2020-12-04,2228.5095,54.560005,2283.069505
2020-12-05,2213.6775,105.32997,2319.0074699999996
2020-12-06,2198.114,161.65001,2359.76401
2020-12-07,2156.777,292.31992,2449.09692
2020-12-08,2212.6794,90.95999,2303.63939
2020-12-09,2159.8184,301.2553,2461.0737
2020-12-10,2170.6934,232.84996,2403.54336
2020-12-11,2227.6099,38.410004,2266.0199039999998
2020-12-12,2228.2146,36.579994,2264.794594
2020-12-13,2145.2114,327.63986,2472.8512600000004
2020-12-14,2210.7046,95.47998,2306.18458
2020-12-15,2200.892,133.50993,2334.40193
2020-12-16,2217.0679,78.24001,2295.30791
2020-12-17,2234.662,14.690001,2249.3520009999997
2020-12-18,2219.641,65.45,2285.091
2020-12-19,2197.1106,145.65999,2342.77059
2020-12-20,2178.0056,210.99994,2389.00554
2020-12-21,2159.0947,273.38,2432.4747
2020-12-22,2225.1206,47.17998,2272.30058
2020-12-23,2226.8145,41.12,2267.9345
2020-12-24,2202.8208,123.73999,2326.56079
2020-12-25,2201.1294,128.95999,2330.0893899999996
2020-12-26,2228.4395,35.859997,2264.299497
2020-12-27,2222.3794,57.69,2280.0694
2020-12-28,2222.922,58.840004,2281.762004
2020-12-29,2231.4817,25.05,2256.5317
2020-12-30,2211.3865,96.65997,2308.04647
2020-12-31,2214.2827,83.03999,2297.3226900000004
2021-01-01,2217.249,76.03999,2293.28899
2021-01-02,2221.5356,59.56999,2281.10559
2021-01-03,2221.4353,61.260002,2282.695302
2021-01-04,2219.2437,66.39001,2285.63371
2021-01-05,2229.805,31.669996,2261.474996
2021-01-06,2185.025,191.46997,2376.49497
2021-01-07,2225.328,46.070004,2271.398004
2021-01-08,2200.7153,131.48997,2332.20527
2021-01-09,2217.1003,73.73998,2290.84028
2021-01-10,2156.8147,285.27988,2442.09458
2021-01-11,2221.214,60.05999,2281.27399
2021-01-12,2201.0596,128.24998,2329.30958
2021-01-13,2102.6504,491.755,2594.4054
2021-01-14,2180.4536,202.08003,2382.53363
2021-01-15,2161.5107,261.91998,2423.43068
2021-01-16,2156.899,277.3099,2434.2089
2021-01-17,2105.5771,465.16403,2570.74113
2021-01-18,2159.817,267.58994,2427.40694
2021-01-19,2120.828,403.89987,2524.72787
2021-01-20,2080.5493,552.1002,2632.6495
2021-01-21,2174.8296,222.00992,2396.83952
2021-01-22,2176.3499,217.29002,2393.63992
2021-01-23,2157.4028,281.33987,2438.7426699999996
2021-01-24,2130.6025,377.80984,2508.41234
2021-01-25,2151.6816,302.12997,2453.81157
2021-01-26,2085.1077,529.18994,2614.29764
2021-01-27,2145.384,322.45987,2467.84387
2021-01-28,2133.4954,363.97986,2497.4752599999997
2021-01-29,2135.396,360.61005,2496.00605
2021-01-30,2132.078,367.09,2499.168
2021-01-31,2036.2539,736.0201,2772.274
2021-02-01,2160.2717,275.35992,2435.6316199999997
2021-02-02,2158.3286,275.37003,2433.69863
2021-02-03,2173.677,221.95,2395.627
2021-02-04,2159.914,274.35,2434.264
2021-02-05,2183.7708,188.22993,2372.0007299999997
2021-02-06,2154.9932,292.14996,2447.14316
2021-02-07,2129.428,376.86,2506.288
2021-02-08,2124.593,395.8998,2520.4928
2021-02-09,2172.585,230.74998,2403.33498
2021-02-10,2120.5378,417.0498,2537.5876
2021-02-11,2108.369,453.84995,2562.21895
2021-02-12,2161.8132,275.43002,2437.2432200000003
2021-02-13,2186.6138,185.37004,2371.98384
2021-02-14,2178.0227,209.94002,2387.96272
2021-02-15,2186.0547,194.76251,2380.81721
2021-02-16,2185.849,194.79993,2380.6489300000003
2021-02-17,2142.3528,352.456,2494.8088000000002
2021-02-18,2133.2893,404.20697,2537.49627
2021-02-19,2112.7358,464.77258,2577.5083799999998
2021-02-20,2107.377,487.76794,2595.14494
2021-02-21,2163.82,262.97998,2426.7999800000002
2021-02-22,2075.835,621.34595,2697.18095
2021-02-23,2068.6394,679.20654,2747.84594
2021-02-24,2108.0566,502.5676,2610.6241999999997
2021-02-25,2131.4434,425.69678,2557.1401800000003
2021-02-26,2104.583,545.29626,2649.87926
2021-02-27,2122.841,430.86194,2553.70294
2021-02-28,2222.1829,57.049995,2279.2328949999996
2021-03-01,2153.592,302.34998,2455.94198
2021-03-02,2170.8552,247.64993,2418.50513
2021-03-03,2164.3296,267.03998,2431.36958
2021-03-04,2189.7258,173.49995,2363.22575
2021-03-05,2197.8845,147.50993,2345.3944300000003
2021-03-06,2181.3171,202.26999,2383.58709
2021-03-07,2182.2214,207.58995,2389.81135
2021-03-08,2197.2441,145.61,2342.8541
2021-03-09,2174.7417,226.62991,2401.37161
2021-03-10,2213.0964,95.82,2308.9164
2021-03-11,2172.189,236.35,2408.5389999999998
2021-03-12,2165.447,261.26993,2426.71693
2021-03-13,2194.4282,156.31,2350.7382
2021-03-14,2187.5679,183.2738,2370.8417
2021-03-15,2161.5427,273.15363,2434.6963299999998
2021-03-16,2178.7927,219.48,2398.2727
2021-03-17,2155.4827,296.71002,2452.19272
2021-03-18,2181.021,207.82997,2388.8509700000004
2021-03-19,2165.3362,261.99,2427.3262000000004
2021-03-20,2170.1165,260.39,2430.5065
2021-03-21,2147.4617,325.09998,2472.56168
2021-03-22,2081.8389,288.49063,2370.32953
2021-03-23,2063.9385,348.4201,2412.3586
2021-03-24,2062.7192,367.32,2430.0392
2021-03-25,2042.4443,386.79013,2429.23443
2021-03-26,2067.7576,336.16998,2403.92758
2021-03-27,2113.0264,163.87004,2276.89644
2021-03-28,2142.9814,66.65998,2209.64138
2021-03-29,2029.2104,452.3315,2481.5419
2021-03-30,2068.0845,372.97482,2441.05932
2021-03-31,2057.9011,342.3035,2400.2046
2021-04-01,2098.7727,213.47,2312.2427
2021-04-02,2122.2188,136.29001,2258.5088100000003
2021-04-03,2066.9111,367.50992,2434.4210199999998
2021-04-04,2119.4258,141.65001,2261.07581
2021-04-05,2109.083,177.87,2286.953
2021-04-06,2114.251,158.93,2273.181
2021-04-07,2111.4656,166.69,2278.1556
2021-04-08,2069.6975,370.12915,2439.82665
2021-04-09,2044.1067,480.27667,2524.38337
2021-04-10,2032.0361,524.6903,2556.7264
2021-04-11,2151.0156,41.199993,2192.2155930000004
2021-04-12,2042.4252,483.5852,2526.0104
2021-04-13,2026.5952,528.24194,2554.83714
2021-04-14,2044.8734,471.85754,2516.73094
2021-04-15,2047.2861,483.92035,2531.20645
2021-04-16,2044.188,475.19904,2519.38704
2021-04-17,2005.1165,620.225,2625.3415
2021-04-18,2140.023,75.47001,2215.49301
2021-04-19,2033.7869,522.32916,2556.1160600000003
2021-04-20,2044.7762,499.576,2544.3522000000003
2021-04-21,2028.1268,556.2952,2584.422
2021-04-22,2040.2662,509.35498,2549.62118
2021-04-23,2022.3269,454.86996,2477.19686
2021-04-24,2028.1637,524.2217,2552.3854
2021-04-25,2147.6511,54.039997,2201.691097
2021-04-26,2036.6287,521.26483,2557.89353
2021-04-27,2114.6675,160.04002,2274.70752
2021-04-28,2031.4907,523.1925,2554.6832
2021-04-29,2033.622,528.07465,2561.69665
2021-04-30,2051.9297,452.8,2504.7297000000003
2021-05-01,2040.7725,504.66333,2545.43583
2021-05-02,2052.61,451.981,2504.5910000000003
2021-05-03,2154.3398,30.929998,2185.2697980000003
2021-05-04,2052.268,475.00552,2527.27352
2021-05-05,2056.2683,441.81467,2498.0829700000004
2021-05-06,2041.1183,510.20132,2551.31962
2021-05-07,2032.7743,511.61035,2544.38465
2021-05-08,2133.4587,96.65999,2230.1186900000002
2021-05-09,2139.4517,78.509995,2217.961695
2021-05-10,2048.077,471.47818,2519.5551800000003
2021-05-11,2062.22,430.62268,2492.8426799999997
2021-05-12,2048.9868,463.20654,2512.1933400000003
2021-05-13,2047.0687,484.66052,2531.72922
2021-05-14,2109.1128,178.78998,2287.90278
2021-05-15,2040.1019,550.1949,2590.2968
2021-05-16,2084.9727,250.8101,2335.7828
2021-05-17,2049.6433,501.89563,2551.53893
2021-05-18,2016.5836,651.5237,2668.1072999999997
2021-05-19,1970.0405,771.26135,2741.30185
2021-05-20,1989.2773,727.61816,2716.8954599999997
2021-05-21,1987.9679,779.20233,2767.17023
2021-05-22,1924.7963,807.15625,2731.95255
2021-05-23,1890.8414,952.6136,2843.455
2021-05-24,1972.9053,792.5377,2765.4429999999998
2021-05-25,1828.9977,567.43195,2396.42965
2021-05-26,1844.8,507.8285,2352.6285
2021-05-27,1877.1615,413.05267,2290.2141699999997
2021-05-28,1829.0162,599.413,2428.4292
2021-05-29,1790.2491,733.822,2524.0711
2021-05-30,1835.6964,508.27237,2343.96877
2021-05-31,1812.9608,644.43396,2457.39476
2021-06-01,1816.1542,637.70953,2453.86373
2021-06-02,1838.2495,592.5386,2430.7880999999998
2021-06-03,1974.9033,34.380005,2009.283305
2021-06-04,1966.8702,59.190014,2026.060214
2021-06-05,1965.1715,65.59999,2030.7714899999999
2021-06-06,1964.7705,68.33,2033.1005
2021-06-07,1963.7427,69.98999,2033.73269
2021-06-08,1944.7747,148.14299,2092.9176899999998
2021-06-09,1961.664,76.12001,2037.78401
2021-06-10,1968.0353,56.1,2024.1353
2021-06-11,1964.5492,68.28001,2032.8292099999999
2021-06-12,1837.192,568.7344,2405.9264000000003
2021-06-13,1864.1267,503.46283,2367.58953
2021-06-14,1920.1875,216.69995,2136.88745
2021-06-15,1977.8163,24.77,2002.5863
2021-06-16,1969.4303,51.380005,2020.810305
2021-06-17,1973.5542,37.95,2011.5042
2021-06-18,1814.0192,627.2919,2441.3111
2021-06-19,1767.774,844.20953,2611.98353
2021-06-20,1878.0731,344.72012,2222.79322
2021-06-21,1956.1547,94.13002,2050.28472
2021-06-22,1805.3135,704.77484,2510.0883400000002
2021-06-23,1796.5547,591.322,2387.8767
2021-06-24,1793.9583,595.54767,2389.50597
2021-06-25,1782.243,611.84467,2394.08767
2021-06-26,1825.1821,475.63116,2300.81326
2021-06-27,1912.7317,118.570015,2031.301715
2021-06-28,1777.6533,576.23004,2353.88334
2021-06-29,1823.6168,431.43884,2255.05564
2021-06-30,1813.4594,446.95618,2260.41558
2021-07-01,1907.0562,135.13,2042.1862
2021-07-02,1918.8558,96.84998,2015.70578
2021-07-03,1843.3757,325.47998,2168.85568
2021-07-04,1813.1223,555.87445,2368.9967500000002
2021-07-05,1874.8613,236.52,2111.3813
2021-07-06,1842.0771,338.70996,2180.78706
2021-07-07,1876.9288,228.79002,2105.71882
2021-07-08,1821.7509,401.77,2223.5209
2021-07-09,1842.2837,543.4867,2385.7704
2021-07-10,1893.0961,179.15004,2072.24614
2021-07-11,1835.047,357.90994,2192.95694
2021-07-12,1844.7123,324.91,2169.6223
2021-07-13,1869.7627,257.17007,2126.93277
2021-07-14,1872.2485,245.24,2117.4885
2021-07-15,1877.783,229.80992,2107.59292
2021-07-16,1870.0624,251.37001,2121.43241
2021-07-17,1926.3461,74.80001,2001.14611
2021-07-18,1894.0157,181.00002,2075.01572
2021-07-19,1903.9464,142.58998,2046.53638
2021-07-20,1904.7925,144.73001,2049.52251
2021-07-21,1829.4615,383.68997,2213.15147
2021-07-22,1905.7183,138.5,2044.2183
2021-07-23,1900.8323,151.04002,2051.87232
2021-07-24,1916.6042,107.849976,2024.454176
2021-07-25,1913.6656,115.20998,2028.8755800000001
2021-07-26,1870.0636,251.93004,2121.99364
2021-07-27,1886.2748,201.92001,2088.19481
2021-07-28,1896.9855,164.13,2061.1155
2021-07-29,1926.7112,74.80998,2001.52118
2021-07-30,1895.1206,184.28995,2079.41055
2021-07-31,1940.233,33.23,1973.463
2021-08-01,1935.7145,45.500008,1981.214508
2021-08-02,1926.9847,73.399994,2000.384694
2021-08-03,1934.9042,49.480007,1984.384207
2021-08-04,1940.2932,33.360004,1973.6532040000002
2021-08-05,1944.2844,20.369999,1964.654399
2021-08-06,1877.7656,327.97467,2205.74027
2021-08-07,1878.1896,327.93433,2206.1239299999997
2021-08-08,1853.0803,373.273,2226.3533
2021-08-09,1933.4552,54.010006,1987.465206
2021-08-10,1894.234,181.07002,2075.30402
2021-08-11,1836.118,397.844,2233.962
2021-08-12,1913.4805,119.02998,2032.51048
2021-08-13,1802.6139,459.46988,2262.08378
2021-08-14,1727.4075,706.36053,2433.76803
2021-08-15,1866.1763,276.68005,2142.85635
2021-08-16,1881.3452,216.17003,2097.51523
2021-08-17,1889.6189,211.488,2101.1068999999998
2021-08-18,1797.1207,475.1397,2272.2604
2021-08-19,1814.0703,424.3899,2238.4602
2021-08-20,1914.3008,124.74998,2039.05078
2021-08-21,1895.154,177.47034,2072.62434
2021-08-22,1923.3066,85.31998,2008.6265799999999
2021-08-23,1925.4019,81.72999,2007.13189
2021-08-24,1924.7706,86.02999,2010.80059
2021-08-25,1913.2043,119.37999,2032.58429
2021-08-26,1925.4465,83.54,2008.9865
2021-08-27,1899.1296,165.74997,2064.87957
2021-08-28,1903.6858,149.25998,2052.94578
2021-08-29,1932.3276,58.370007,1990.697607
2021-08-30,1923.5809,91.44998,2015.03088
2021-08-31,1905.9045,144.77002,2050.67452
2021-09-01,1910.7284,134.11998,2044.84838
2021-09-02,1929.6041,75.38999,2004.99409
2021-09-03,1920.9872,99.79999,2020.78719
2021-09-04,1913.0992,124.72,2037.8192000000001
2021-09-05,1938.4556,38.170002,1976.625602
2021-09-06,1918.8429,107.22999,2026.0728900000001
2021-09-07,1928.61,73.219986,2001.829986
2021-09-08,1919.3041,102.46997,2021.7740700000002
2021-09-09,1930.138,71.77998,2001.91798
2021-09-10,1922.8905,98.53001,2021.42051
2021-09-11,1911.25,127.58999,2038.83999
2021-09-12,1892.9933,183.68994,2076.6832400000003
2021-09-13,1900.5676,161.35995,2061.92755
2021-09-14,1919.1808,101.909996,2021.0907960000002
2021-09-15,1927.2998,79.28,2006.5798
2021-09-16,1915.9569,115.299995,2031.256895
2021-09-17,1927.2388,78.16,2005.3988000000002
2021-09-18,1930.4594,65.27999,1995.73939
2021-09-19,1904.0695,155.72003,2059.78953
2021-09-20,1929.2029,71.84998,2001.05288
2021-09-21,1889.8429,220.1955,2110.0384
2021-09-22,1923.7435,83.46996,2007.21346
2021-09-23,1922.4662,88.08998,2010.55618
2021-09-24,1922.2533,92.84001,2015.0933100000002
2021-09-25,1931.702,74.13,2005.8319999999999
2021-09-26,1927.1843,75.24001,2002.4243099999999
2021-09-27,1927.1793,78.27999,2005.45929
2021-09-28,1929.1403,72.89999,2002.04029
2021-09-29,1932.0886,63.609993,1995.698593
2021-09-30,1923.3264,90.979996,2014.306396
2021-10-01,1923.1721,91.98999,2015.16209
2021-10-02,1901.7227,160.20996,2061.93266
2021-10-03,1918.8776,101.429985,2020.307585
2021-10-04,1877.1326,238.48996,2115.62256
2021-10-05,1900.6924,161.12997,2061.82237
2021-10-06,1903.685,155.84998,2059.53498
2021-10-07,1901.8063,163.86002,2065.66632
2021-10-08,1893.808,185.85,2079.658
2021-10-09,1848.2496,350.71008,2198.95968
2021-10-10,1902.4147,155.20001,2057.61471
2021-10-11,1883.1969,222.11996,2105.31686
2021-10-12,1907.2258,147.73997,2054.96577
2021-10-13,1884.9116,218.84995,2103.7615499999997
2021-10-14,1876.296,250.10005,2126.3960500000003
2021-10-15,1916.3401,111.41,2027.7501
2021-10-16,1872.0737,264.46997,2136.54367
2021-10-17,1887.15,207.63995,2094.7899500000003
2021-10-18,1928.2335,74.47998,2002.7134800000001
2021-10-19,1900.381,168.08005,2068.46105
2021-10-20,1915.2021,115.21997,2030.42207
2021-10-21,1922.7982,87.88001,2010.67821
2021-10-22,1900.9137,163.09998,2064.01368
2021-10-23,1859.7458,310.30002,2170.04582
2021-10-24,1896.7405,170.65004,2067.3905400000003
2021-10-25,1894.2382,186.25,2080.4882
2021-10-26,1910.6722,134.29,2044.9622
2021-10-27,1890.3612,202.69994,2093.0611400000003
2021-10-28,1902.6002,160.15999,2062.76019
2021-10-29,1896.7249,171.10004,2067.82494
2021-10-30,1912.3278,123.130005,2035.457805
2021-10-31,1917.1434,105.9,2023.0434
2021-11-01,1834.6879,403.31345,2238.00135
2021-11-02,1882.5126,224.55997,2107.07257
2021-11-03,1839.6772,374.99002,2214.6672200000003
2021-11-04,1816.2589,445.90005,2262.15895
2021-11-05,1903.7709,150.43996,2054.21086
2021-11-06,1852.7982,334.22086,2187.01906
2021-11-07,1901.9296,154.99998,2056.92958
2021-11-08,1905.1727,147.36003,2052.53273
2021-11-09,1813.3572,448.0799,2261.4371
2021-11-10,1876.6506,245.11989,2121.77049
2021-11-11,1890.4421,194.45,2084.8921
2021-11-12,1893.8772,183.17003,2077.04723
2021-11-13,1882.3473,242.48004,2124.82734
2021-11-14,1903.357,150.25003,2053.60703
2021-11-15,1917.6693,107.86,2025.5293
2021-11-16,1887.2234,209.24002,2096.46342
2021-11-17,1901.9456,161.56001,2063.50561
2021-11-18,1907.7819,133.68999,2041.47189
2021-11-19,1900.9913,156.65002,2057.6413199999997
2021-11-20,1822.2133,427.61993,2249.8332299999997
2021-11-21,1839.8187,351.09995,2190.91865
2021-11-22,1806.6774,460.43005,2267.10745
2021-11-23,1906.1981,141.11996,2047.31806
2021-11-24,1889.6052,205.43999,2095.04519
2021-11-25,1926.637,81.54,2008.177
2021-11-26,1908.306,138.1,2046.406
2021-11-27,1838.429,399.84998,2238.27898
2021-11-28,1865.3938,447.2293,2312.6231000000002
2021-11-29,1963.6588,91.78999,2055.44879
2021-11-30,1966.4479,83.030014,2049.477914
2021-12-01,1961.695,97.57001,2059.26501
2021-12-02,1958.8849,105.5,2064.3849
2021-12-03,1910.6643,258.96994,2169.63424
2021-12-04,1946.4191,146.41998,2092.83908
2021-12-05,1941.0137,164.47003,2105.48373
2021-12-06,1967.5546,79.04,2046.5946
2021-12-07,1957.9187,115.98998,2073.90868
2021-12-08,1970.6144,70.2,2040.8144
2021-12-09,1936.5656,179.13995,2115.7055499999997
2021-12-10,1962.0984,96.610016,2058.708416
2021-12-11,1959.6569,106.88,2066.5369
2021-12-12,1927.3948,215.24002,2142.63482
2021-12-13,1968.5615,74.79999,2043.36149
2021-12-14,1963.3896,90.38997,2053.77957
2021-12-15,1825.1163,562.1902,2387.3064999999997
2021-12-16,1971.4592,65.409996,2036.869196
2021-12-17,1911.4268,268.45,2179.8768
2021-12-18,1780.6294,721.4177,2502.0471
2021-12-19,1959.715,103.419975,2063.134975
2021-12-20,1944.1732,153.75003,2097.92323
2021-12-21,1973.1029,57.500004,2030.602904
2021-12-22,1966.3375,78.93001,2045.2675100000001
2021-12-23,1937.9116,179.77084,2117.68244
2021-12-24,1927.71,202.62991,2130.33991
2021-12-25,1942.8738,153.85995,2096.73375
2021-12-26,1957.451,106.83997,2064.29097
2021-12-27,1938.9669,167.46004,2106.42694
2021-12-28,1855.3228,446.28986,2301.61266
2021-12-29,1799.6687,692.0401,2491.7088
2021-12-30,1820.9839,545.31,2366.2938999999997
2021-12-31,1914.8953,243.66006,2158.55536
2022-01-01,1930.0491,189.92996,2119.97906
2022-01-02,1972.2236,60.45999,2032.68359
2022-01-03,1988.3488,9.110001,1997.458801
2022-01-04,1979.4639,37.039997,2016.503897
2022-01-05,1973.0228,57.11,2030.1327999999999
2022-01-06,1974.2805,54.610004,2028.890504
2022-01-07,1983.9432,23.03,2006.9732
2022-01-08,1981.1086,31.300003,2012.408603
2022-01-09,1858.4038,437.25006,2295.65386
2022-01-10,1981.7389,29.819998,2011.558898
2022-01-11,1911.3098,273.59,2184.8998
2022-01-12,1979.4176,36.890007,2016.307607
2022-01-13,1969.1674,70.59,2039.7574
2022-01-14,1970.7324,64.420006,2035.1524060000002
2022-01-15,1985.2435,18.580002,2003.823502
2022-01-16,1960.6743,99.01999,2059.69429
2022-01-17,1910.4691,270.71,2181.1791
2022-01-18,1968.0118,74.46,2042.4718
2022-01-19,1987.0267,13.13,2000.1567
2022-01-20,1985.9261,17.039999,2002.966099
2022-01-21,1972.0238,60.030006,2032.053806
2022-01-22,1967.0256,78.43999,2045.46559
2022-01-23,1956.8364,108.129974,2064.966374
2022-01-24,1969.1368,70.91998,2040.05678
2022-01-25,1900.0421,312.45764,2212.4997399999997
2022-01-26,1987.4572,12.0,1999.4572
2022-01-27,1893.5687,333.63632,2227.20502
2022-01-28,1863.8041,440.42502,2304.22912
2022-01-29,1956.2437,110.83002,2067.07372
2022-01-30,1953.9626,119.719986,2073.682586
2022-01-31,1981.8618,29.020006,2010.8818059999999
2022-02-01,1969.3712,69.88,2039.2512000000002
2022-02-02,1975.1443,50.520004,2025.664304
2022-02-03,1968.3044,72.45999,2040.76439
2022-02-04,1934.1724,186.17,2120.3424
2022-02-05,1922.7976,228.76215,2151.55975
2022-02-06,1951.2284,129.79997,2081.02837
2022-02-07,1917.8146,236.09,2153.9046
2022-02-08,1972.4696,58.57001,2031.0396099999998
2022-02-09,1982.4153,27.840002,2010.2553019999998
2022-02-10,1974.299,53.09,2027.389
2022-02-11,1984.1676,22.009996,2006.177596
2022-02-12,1965.8757,80.009995,2045.885695
2022-02-13,1914.8146,242.24995,2157.06455
2022-02-14,1868.9872,414.36008,2283.34728
2022-02-15,1868.8195,417.51004,2286.32954
2022-02-16,1886.3337,360.2101,2246.5438
2022-02-17,1869.7859,416.07993,2285.86583
2022-02-18,1855.3812,457.823,2313.2042
2022-02-19,1944.7599,155.99997,2100.75987
2022-02-20,1883.4614,434.78882,2318.25022
2022-02-21,1919.5667,312.31998,2231.88668
2022-02-22,1908.6296,361.352,2269.9816
2022-02-23,1897.7712,404.164,2301.9352
2022-02-24,1888.6293,388.84998,2277.47928
2022-02-25,1975.4636,97.999985,2073.463585
2022-02-26,1984.3477,63.029995,2047.3776950000001
2022-02-27,1950.1276,171.46994,2121.59754
2022-02-28,1946.0624,180.12997,2126.19237
2022-03-01,1959.7891,142.82999,2102.61909
2022-03-02,1953.2609,164.13997,2117.40087
2022-03-03,1950.3289,175.06998,2125.3988799999997
2022-03-04,1976.4264,89.840004,2066.266404
2022-03-05,1951.3844,170.62993,2122.01433
2022-03-06,1944.4543,193.49995,2137.9542500000002
2022-03-07,1945.9918,188.30998,2134.30178
2022-03-08,1938.6034,208.08994,2146.69334
2022-03-09,1896.9092,344.12,2241.0292
2022-03-10,1949.9745,172.49994,2122.47444
2022-03-11,1936.8745,217.58994,2154.4644399999997
2022-03-12,1905.7958,322.39984,2228.19564
2022-03-13,1887.1326,373.84,2260.9726
2022-03-14,1897.4725,353.35028,2250.82278
2022-03-15,1848.717,533.08997,2381.80697
2022-03-16,1915.063,289.39996,2204.4629600000003
2022-03-17,1872.5453,425.39987,2297.94517
2022-03-18,1918.1132,271.77008,2189.88328
2022-03-19,1959.2931,146.29001,2105.58311
2022-03-20,1951.8185,165.75998,2117.57848
2022-03-21,1987.2385,54.800003,2042.038503
2022-03-22,1990.3367,44.97,2035.3067
2022-03-23,1970.8995,106.26999,2077.16949
2022-03-24,1916.3535,280.49988,2196.85338
2022-03-25,1941.6299,201.65991,2143.2898099999998
2022-03-26,1924.6136,259.89993,2184.5135299999997
2022-03-27,1942.8746,197.36998,2140.24458
2022-03-28,672.8194,103.060005,775.879405
2023-03-13,1655.7799,0.0,1655.7799
2023-03-14,1978.8325,0.0,1978.8325
2023-03-15,1978.8325,0.0,1978.8325
2023-03-16,1978.8325,0.0,1978.8325
2023-03-17,1978.8325,0.0,1978.8325
2023-03-18,1978.8325,0.0,1978.8325
2023-03-19,1978.8325,0.0,1978.8325
2023-03-20,1978.8325,0.0,1978.8325
2023-03-21,1978.8325,0.0,1978.8325
2023-03-22,1978.8325,0.0,1978.8325
2023-03-23,1978.8325,0.0,1978.8325
2023-03-24,1978.8325,0.0,1978.8325
2023-03-25,1978.8325,0.0,1978.8325
2023-03-26,1978.8325,0.0,1978.8325
2023-03-27,1978.8325,0.0,1978.8325
2023-03-28,1978.8325,0.0,1978.8325
2023-03-29,1978.8325,0.0,1978.8325
2023-03-30,1978.8325,0.0,1978.8325
2023-03-31,1978.8325,0.0,1978.8325
2023-04-01,1978.8325,0.0,1978.8325
2023-04-02,1978.8325,0.0,1978.8325
2023-04-03,1978.8325,0.0,1978.8325
2023-04-04,1978.8325,0.0,1978.8325
2023-04-05,1978.8325,0.0,1978.8325
2023-04-06,1978.8325,0.0,1978.8325
2023-04-07,1978.8325,0.0,1978.8325
2023-04-08,1978.8325,0.0,1978.8325
2023-04-09,2171.0269,35.103382,2206.1302819999996
2023-04-10,2059.706,442.32343,2502.02943
2023-04-11,2031.9578,531.65393,2563.6117299999996
2023-04-12,2104.8667,275.03857,2379.90527
2023-04-13,2069.4844,389.875,2459.3594
2023-04-14,2033.4025,510.32446,2543.72696
2023-04-15,2155.4954,103.14952,2258.6449199999997
2023-04-16,2111.0132,256.27103,2367.2842299999998
2023-04-17,2186.486,0.0,2186.486
2023-04-18,2117.8289,233.34584,2351.17474
2023-04-19,2121.247,215.47551,2336.72251
2023-04-20,2101.3044,283.32092,2384.62532
2023-04-21,2080.6501,352.89703,2433.54713
2023-04-22,2032.1509,527.1758,2559.3267
2023-04-23,2154.6353,105.752464,2260.387764
2023-04-24,2154.669,106.36872,2261.03772
2023-04-25,2134.2273,172.45999,2306.68729
2023-04-26,2136.1648,167.22168,2303.38648
2023-04-27,2096.553,305.17828,2401.73128
2023-04-28,2135.3074,171.0104,2306.3178000000003
2023-04-29,2059.9158,424.8956,2484.8114
2023-04-30,2159.6309,89.01037,2248.64127
2023-05-01,2131.1306,186.4318,2317.5624
2023-05-02,2131.4512,182.97472,2314.42592
2023-05-03,2085.1392,338.03116,2423.17036
2023-05-04,2087.2754,337.95685,2425.23225
2023-05-05,2084.2507,341.11328,2425.36398
2023-05-06,2054.9766,439.57004,2494.54664
2023-05-07,2084.952,339.87576,2424.82776
2023-05-08,2143.9336,140.67188,2284.6054799999997
2023-05-09,2111.9136,256.84674,2368.76034
2023-05-10,2059.318,429.44162,2488.7596200000003
2023-05-11,2076.6177,366.67136,2443.2890599999996
2023-05-12,2094.6157,308.0404,2402.6560999999997
2023-05-13,2118.0237,227.74731,2345.7710100000004
2023-05-14,2083.1492,349.50732,2432.65652
2023-05-15,2105.2449,272.77225,2378.01715
2023-05-16,2114.9424,239.98572,2354.92812
2023-05-17,2019.7301,586.125,2605.8550999999998
2023-05-18,2122.305,214.34668,2336.65168
2023-05-19,2100.0508,287.4812,2387.532
2023-05-20,2076.9065,366.98975,2443.8962500000002
2023-05-21,2075.284,371.21606,2446.5000600000003
2023-05-22,2049.112,459.1223,2508.2343
2023-05-23,2094.8516,305.62646,2400.47806
2023-05-24,2064.9404,413.48618,2478.42658
2023-05-25,2138.9685,157.73221,2296.70071
2023-05-26,2107.158,264.03152,2371.18952
2023-05-27,2131.9558,187.62933,2319.5851300000004
2023-05-28,2168.24,60.204712,2228.444712
2023-05-29,2105.201,271.8772,2377.0782
2023-05-30,2091.127,319.9453,2411.0723
2023-05-31,2097.485,297.17236,2394.65736
2023-06-01,2096.1272,302.06995,2398.19715
2023-06-02,2172.6963,45.872215,2218.568515
2023-06-03,2177.8438,28.666334,2206.510134
2023-06-04,2154.4856,106.87653,2261.36213
2023-06-05,2089.6726,320.49286,2410.1654599999997
2023-06-06,2026.7843,533.4372,2560.2215
2023-06-07,2126.5605,197.80377,2324.36427
2023-06-08,2145.9417,134.27234,2280.21404
2023-06-09,2069.29,394.53296,2463.82296
2023-06-10,2103.5127,275.31726,2378.82996
2023-06-11,2144.8884,140.07324,2284.96164
2023-06-12,2141.5476,149.92712,2291.4747199999997
2023-06-13,2142.8928,147.56079,2290.45359
2023-06-14,2076.9229,385.44897,2462.37187
2023-06-15,2149.9934,122.47778,2272.47118
2023-06-16,2125.3184,205.66187,2330.98027
2023-06-17,1773.3479,1420.3206,3193.6684999999998
2023-06-18,2159.4958,89.26149,2248.75729
2023-06-19,2123.4429,211.1555,2334.5984
2023-06-20,2109.2986,257.69238,2366.99098
2023-06-21,2105.6611,270.5702,2376.2313
2023-06-22,2066.7627,423.531,2490.2937
2023-06-23,2058.7478,431.34802,2490.09582
2023-06-24,2114.263,239.49109,2353.75409
2023-06-25,2089.3293,326.107,2415.4363
2023-06-26,2097.5073,298.625,2396.1323
2023-06-27,2107.1204,263.3122,2370.4325999999996
2023-06-28,2145.6345,135.70471,2281.33921
2023-06-29,2129.6729,188.30261,2317.97551
2023-06-30,2159.2493,91.86145,2251.11075
2023-07-01,2173.2034,44.952576,2218.155976
2023-07-02,2141.0986,151.26521,2292.36381
2023-07-03,2037.7596,500.15176,2537.91136
2023-07-04,2162.0107,80.53473,2242.5454299999997
2023-07-05,2130.0327,190.19861,2320.23131
2023-07-06,2116.7104,231.37811,2348.08851
2023-07-07,2139.7266,155.9928,2295.7194
2023-07-08,2097.316,302.88904,2400.20504
2023-07-09,2029.6082,529.8563,2559.4645
2023-07-10,1997.7474,626.80225,2624.54965
2023-07-11,2033.0964,506.32935,2539.42575
2023-07-12,2173.4888,42.9198,2216.4086
2023-07-13,2168.6714,59.823235,2228.494635
2023-07-14,2166.1802,67.7803,2233.9604999999997
2023-07-15,2156.3745,100.444534,2256.819034
2023-07-16,2138.1133,163.04657,2301.15987
2023-07-17,2051.448,480.71063,2532.15863
2023-07-18,2107.1165,273.4473,2380.5638
2023-07-19,2066.2207,420.70844,2486.9291399999997
2023-07-20,2180.0044,21.55249,2201.55689
2023-07-21,2139.6614,156.90637,2296.56777
2023-07-22,2169.8943,55.109863,2225.004163
2023-07-23,2173.2358,43.921417,2217.157217
2023-07-24,2173.8948,41.902966,2215.797766
2023-07-25,2173.7456,42.418045,2216.163645
2023-07-26,2128.238,215.90866,2344.14666
2023-07-27,2082.345,379.48932,2461.83432
2023-07-28,2069.466,433.11652,2502.58252
2023-07-29,2017.7732,617.27466,2635.04786
2023-07-30,2047.7618,506.65826,2554.42006
2023-07-31,2014.2728,633.08105,2647.35385
2023-08-01,2032.5747,563.4334,2596.0081
2023-08-02,2061.4648,472.14783,2533.61263
2023-08-03,2045.28,523.0189,2568.2989
2023-08-04,2055.5906,491.38812,2546.97872
2023-08-05,2015.1792,635.3195,2650.4987
2023-08-06,2000.3169,688.21356,2688.53046
2023-08-07,2008.3188,684.7499,2693.0687
2023-08-08,2012.1475,651.55383,2663.70133
2023-08-09,1990.3536,761.2092,2751.5627999999997
2023-08-10,2061.1396,486.15436,2547.29396
2023-08-11,2063.7083,452.65155,2516.35985
2023-08-12,2089.0276,359.32962,2448.35722
2023-08-13,2055.2573,495.73242,2550.98972
2023-08-14,2072.0989,451.45773,2523.55663
2023-08-15,2153.4392,111.10696,2264.54616
2023-08-16,2075.9055,457.12225,2533.0277499999997
2023-08-17,2061.251,485.18402,2546.4350200000003
2023-08-18,2064.3074,459.22998,2523.53738
2023-08-19,2073.8257,444.77286,2518.59856
2023-08-20,2057.5203,485.03613,2542.55643
2023-08-21,2175.414,36.70459,2212.11859
2023-08-22,2174.2046,41.297096,2215.501696
2023-08-23,2059.0427,467.32367,2526.3663699999997
2023-08-24,2099.5063,342.9938,2442.5001
2023-08-25,2058.0496,475.17065,2533.22025
2023-08-26,2056.695,464.69095,2521.3859500000003
2023-08-27,2140.081,160.73108,2300.81208
2023-08-28,2076.911,374.37878,2451.28978
2023-08-29,2119.5188,227.36987,2346.88867
2023-08-30,2103.4795,282.07544,2385.55494
2023-08-31,2137.1028,165.73863,2302.84143
2023-09-01,2179.1096,24.376617,2203.4862169999997
2023-09-02,2184.8318,5.4620514,2190.2938513999998
2023-09-03,2176.9668,31.733524,2208.7003240000004
2023-09-04,2182.435,13.360901,2195.795901
2023-09-05,2179.464,23.229046,2202.693046
2023-09-06,2183.4814,9.906395,2193.387795
2023-09-07,2182.7388,12.526016,2195.264816
2023-09-08,2178.2727,27.747145,2206.019845
2023-09-09,2178.0972,27.727169,2205.824369
2023-09-10,2183.2588,11.066059,2194.3248590000003
2023-09-11,2180.3083,20.341923,2200.650223
2023-09-12,2184.275,7.256033,2191.531033
2023-09-13,2182.7727,12.181511,2194.954211
2023-09-14,2182.705,12.478761,2195.183761
2023-09-15,2183.431,10.118526,2193.5495260000002
2023-09-16,2181.338,16.97785,2198.3158500000004
2023-09-17,2171.8215,52.69095,2224.51245
2023-09-18,2182.8232,12.15992,2194.98312
2023-09-19,2183.0427,11.411926,2194.454626
2023-09-20,2059.5325,454.39682,2513.9293199999997
2023-09-21,2032.6589,547.55493,2580.2138299999997
2023-09-22,2059.0022,456.61395,2515.61615
2023-09-23,2098.8784,358.81628,2457.69468
2023-09-24,2160.3613,90.99952,2251.36082
2023-09-25,2093.0176,353.80557,2446.82317
2023-09-26,2163.8176,76.0448,2239.8624
2023-09-27,2180.2068,21.14978,2201.35658
2023-09-28,2161.8098,83.12543,2244.93523
2023-09-29,2105.5151,273.3659,2378.8810000000003
2023-09-30,2166.4004,68.81137,2235.21177
2023-10-01,2153.8242,108.60395,2262.42815
2023-10-02,2172.574,47.301537,2219.875537
2023-10-03,2071.9006,394.4954,2466.3959999999997
2023-10-04,2139.0522,158.26245,2297.3146500000003
2023-10-05,2153.5273,110.048645,2263.575945
2023-10-06,2149.655,121.43823,2271.0932300000004
2023-10-07,2106.2207,264.82263,2371.04333
2023-10-08,2164.2527,80.65637,2244.90907
2023-10-09,2141.7725,149.44702,2291.21952
2023-10-10,2147.043,131.8783,2278.9213
2023-10-11,2135.4038,171.57837,2306.98217
2023-10-12,2050.6624,468.2531,2518.9155
2023-10-13,2141.0806,153.98486,2295.06546
2023-10-14,2047.6422,463.80432,2511.44652
2023-10-15,2149.7449,109.2053,2258.9502
2023-10-16,2134.4124,155.44203,2289.8544300000003
2023-10-17,2158.8225,74.92734,2233.7498400000004
2023-10-18,2145.135,118.96773,2264.10273
2023-10-19,2132.5588,160.28644,2292.8452399999996
2023-10-20,2122.7957,192.29373,2315.08943
2023-10-21,2159.6467,70.4032,2230.0499
2023-10-22,2166.6838,46.71726,2213.4010599999997
2023-10-23,2128.2827,175.37888,2303.6615800000004
2023-10-24,2140.4954,134.64934,2275.1447399999997
2023-10-25,2122.5425,194.58733,2317.12983
2023-10-26,2117.7136,222.45084,2340.16444
2023-10-27,2069.8545,380.5509,2450.4054
2023-10-28,2170.8928,33.135803,2204.028603
2023-10-29,2103.615,263.1729,2366.7879
2023-10-30,2068.3823,406.80457,2475.1868700000005
2023-10-31,2084.1572,326.99942,2411.15662
2023-11-01,2123.1995,192.6654,2315.8649
2023-11-02,2113.356,226.47473,2339.83073
2023-11-03,2025.4563,535.13245,2560.58875
2023-11-04,2117.7659,213.4679,2331.2338
2023-11-05,2087.7458,313.52258,2401.26838
2023-11-06,2090.6077,300.41602,2391.02372
2023-11-07,2081.824,335.20728,2417.03128
2023-11-08,2023.8848,518.7488,2542.6336
2023-11-09,2175.4016,18.32552,2193.72712
2023-11-10,2160.9277,65.93775,2226.8654500000002
2023-11-11,2171.2632,31.56787,2202.8310699999997
2023-11-12,2151.2473,100.0139,2251.2612
2023-11-13,2141.1292,132.16408,2273.29328
2023-11-14,2151.6497,96.38954,2248.03924
2023-11-15,2168.2834,41.59742,2209.88082
2023-11-16,2162.6433,60.45488,2223.09818
2023-11-17,2150.2234,103.05951,2253.28291
2023-11-18,2131.0261,166.4039,2297.43
2023-11-19,2173.1826,25.52069,2198.70329
2023-11-20,2180.809,0.0,2180.809
2023-11-21,2180.809,0.0,2180.809
2023-11-22,2146.439,114.914375,2261.3533749999997
2023-11-23,2113.6902,225.76779,2339.45799
2023-11-24,2138.8584,140.49097,2279.34937
2023-11-25,2120.7427,200.88649,2321.6291899999997
2023-11-26,2144.5305,120.540405,2265.070905
2023-11-27,2154.9495,86.007324,2240.9568240000003
2023-11-28,2125.5017,191.69373,2317.1954299999998
2023-11-29,2071.3694,373.96008,2445.32948
2023-11-30,2119.4849,208.03119,2327.51609
2023-12-01,2100.8306,266.97815,2367.8087499999997
2023-12-02,2053.458,436.8849,2490.3429
2023-12-03,2070.987,367.69827,2438.68527
2023-12-04,2095.9788,284.97025,2380.9490499999997
2023-12-05,2070.9255,367.49597,2438.4214699999998
2023-12-06,1988.2604,658.7882,2647.0486
2023-12-07,2078.9944,339.5077,2418.5021
2023-12-08,2045.4669,457.09302,2502.5599199999997
2023-12-09,2039.443,469.22046,2508.6634599999998
2023-12-10,2064.084,391.49,2455.5739999999996
2023-12-11,2043.8783,458.35815,2502.2364500000003
2023-12-12,2030.0505,506.4834,2536.5339
2023-12-13,2076.8289,349.17383,2426.00273
2023-12-14,2085.7393,321.52783,2407.26713
2023-12-15,2019.868,609.9184,2629.7864
2023-12-16,1888.4022,1118.4749,3006.8770999999997
2023-12-17,2161.145,65.337006,2226.482006
2023-12-18,1982.8195,717.3262,2700.1457
2023-12-19,1965.2983,757.01086,2722.30916
2023-12-20,2129.6765,172.0752,2301.7517
2023-12-21,2069.4233,375.79553,2445.21883
2023-12-22,2117.0066,213.52808,2330.53468
2023-12-23,2123.2366,192.41727,2315.65387
2023-12-24,1949.3958,782.6261,2732.0218999999997
2023-12-25,2125.7808,184.01068,2309.79148
2023-12-26,2123.8093,190.2013,2314.0106
2023-12-27,2093.7559,296.16504,2389.92094
2023-12-28,2052.8909,430.80396,2483.69486
2023-12-29,2115.8494,216.63013,2332.47953
2023-12-30,2125.4053,185.00928,2310.4145799999997
2023-12-31,2120.5088,201.22313,2321.73193
2024-01-01,1928.2815,860.28796,2788.56946
2024-01-02,2134.759,153.11609,2287.87509
2024-01-03,2098.6548,281.979,2380.6337999999996
2024-01-04,2117.0732,214.50711,2331.58031
2024-01-05,1997.5306,658.72626,2656.25686
2024-01-06,2040.0742,479.8992,2519.9734
2024-01-07,2020.7611,591.7123,2612.4734
2024-01-08,2077.392,372.0265,2449.4184999999998
2024-01-09,2105.6836,253.68507,2359.36867
2024-01-10,2128.7747,174.32146,2303.09616
2024-01-11,2124.169,195.44348,2319.61248
2024-01-12,1946.547,853.9691,2800.5161
2024-01-13,2123.1924,191.93616,2315.12856
2024-01-14,2138.464,140.34863,2278.81263
2024-01-15,2097.6284,276.02612,2373.65452
2024-01-16,2091.593,174.95856,2266.55156
2024-01-17,1936.8135,799.3823,2736.1958
2024-01-18,1980.2043,604.24133,2584.44563
2024-01-19,2110.157,109.18286,2219.33986
2024-01-20,2059.0637,276.19095,2335.2546500000003
2024-01-21,2040.3473,342.11224,2382.45954
2024-01-22,2105.6055,124.902855,2230.508355
2024-01-23,2073.7354,233.89165,2307.62705
2024-01-24,2051.2788,302.4812,2353.76
2024-01-25,1940.2083,761.85614,2702.06444
2024-01-26,2105.3706,124.18347,2229.55407
2024-01-27,2080.183,209.27112,2289.45412
2024-01-28,2120.0388,79.08502,2199.12382
2024-01-29,2056.2117,288.71527,2344.92697
2024-01-30,2077.036,219.95035,2296.98635
2024-01-31,2039.5706,340.58035,2380.15095
2024-02-01,1818.18,1087.401,2905.581
2024-02-02,2081.9006,205.318,2287.2186
2024-02-03,2086.419,196.6814,2283.1004
2024-02-04,1979.0153,548.6665,2527.6818000000003
2024-02-05,2083.915,194.11914,2278.0341399999998
2024-02-06,1918.9015,819.135,2738.0365
2024-02-07,2078.556,213.95264,2292.50864
2024-02-08,2013.0337,435.34003,2448.37373
2024-02-09,2076.7737,221.77055,2298.5442500000004
2024-02-10,2098.0115,148.14966,2246.16116
2024-02-11,2084.086,195.76962,2279.85562
2024-02-12,2101.6357,136.46753,2238.1032299999997
2024-02-13,2123.3735,65.77197,2189.14547
2024-02-14,1935.3501,778.4136,2713.7637
2024-02-15,1920.3893,826.73474,2747.12404
2024-02-16,2078.1484,215.28365,2293.43205
2024-02-17,2095.7283,155.6897,2251.418
2024-02-18,1845.8835,1067.6722,2913.5557
2024-02-19,1928.5005,784.8698,2713.3703
2024-02-20,2132.112,36.57422,2168.68622
2024-02-21,2044.5594,324.93115,2369.49055
2024-02-22,1936.5446,741.90796,2678.4525599999997
2024-02-23,1908.4388,873.5741,2782.0128999999997
2024-02-24,2087.5981,182.14291,2269.74101
2024-02-25,2131.7317,37.666878,2169.398578
2024-02-26,2098.051,150.55797,2248.6089699999998
2024-02-27,2110.6296,107.43169,2218.06129
2024-02-28,2039.7999,338.43433,2378.23423
2024-02-29,2103.2737,133.74878,2237.02248
2024-03-01,1895.0118,870.9631,2765.9749
2024-03-02,2127.4463,51.845093,2179.291393
2024-03-03,2143.2974,0.0,2143.2974
2024-03-04,2091.542,176.68536,2268.22736
2024-03-05,2101.4736,138.08957,2239.56317
2024-03-06,2096.995,151.74153,2248.73653
2024-03-07,1976.7274,600.5908,2577.3181999999997
2024-03-08,1928.6874,768.2376,2696.925
2024-03-09,1989.4717,584.08374,2573.55544
2024-03-10,2081.738,204.1062,2285.8442
2024-03-11,2081.72,202.6106,2284.3306
2024-03-12,1963.1963,648.0271,2611.2234
2024-03-13,1977.4061,576.89636,2554.30246
2024-03-14,1940.4608,684.5951,2625.0559000000003
2024-03-15,2093.6887,164.22961,2257.91831
2024-03-16,2066.923,256.40552,2323.32852
2024-03-17,2078.6494,216.71156,2295.36096
2024-03-18,2064.3386,260.20462,2324.54322
2024-03-19,2035.1802,360.6475,2395.8277
2024-03-20,2066.3115,253.57782,2319.8893199999998
2024-03-21,2081.7527,203.34033,2285.09303
2024-03-22,2016.8427,413.93848,2430.78118
2024-03-23,1902.307,819.7698,2722.0768
2024-03-24,1991.5677,518.2981,2509.8658
2024-03-25,1993.7672,502.40625,2496.1734500000002
2024-03-26,2008.8555,449.64072,2458.49622
2024-03-27,2079.1885,214.1612,2293.3497
2024-03-28,1997.0142,496.70618,2493.72038
2024-03-29,2077.0203,219.44385,2296.4641500000002
2024-03-30,2122.2078,69.48547,2191.69327
2024-03-31,2075.687,225.38647,2301.07347
2024-04-01,2111.001,106.30322,2217.30422
2024-04-02,2063.3438,269.17743,2332.5212300000003
2024-04-03,2093.7766,161.45705,2255.23365
2024-04-04,2107.6594,118.354996,2226.014396
2024-04-05,2123.2615,66.567505,2189.829005
2024-04-06,2076.1218,221.07193,2297.19373
2024-04-07,2113.5972,97.47302,2211.07022
2024-04-08,2100.025,143.12332,2243.1483200000002
2024-04-09,2067.753,249.47925,2317.23225
2024-04-10,2098.902,145.96072,2244.86272
2024-04-11,2123.4924,64.87952,2188.37192
2024-04-12,2095.657,157.33504,2252.99204
2024-04-13,2080.0188,209.59332,2289.61212
2024-04-14,2102.9917,133.0567,2236.0484
2024-04-15,2086.598,187.71399,2274.31199
2024-04-16,2066.0789,255.64893,2321.72783
2024-04-17,2084.0986,194.82617,2278.9247699999996
2024-04-18,2074.2559,227.95094,2302.2068400000003
2024-04-19,1956.517,636.84094,2593.35794
2024-04-20,2043.0111,344.05798,2387.0690799999998
2024-04-21,2100.4016,140.90613,2241.30773
2024-04-22,2070.8286,238.87357,2309.70217
2024-04-23,1887.7787,895.2123,2782.991
2024-04-24,2039.4435,343.4574,2382.9009
2024-04-25,2086.0605,191.98674,2278.04724
2024-04-26,2096.658,155.3216,2251.9795999999997
2024-04-27,2084.214,196.25813,2280.47213
2024-04-28,2102.1838,136.37012,2238.55392
2024-04-29,2056.9993,289.22693,2346.2262299999998
2024-04-30,2088.0068,136.65878,2224.6655800000003
2024-05-01,2019.9563,364.9529,2384.9092
2024-05-02,2077.402,172.46054,2249.86254
2024-05-03,2100.5115,96.19653,2196.7080300000002
2024-05-04,2003.8251,440.80707,2444.63217
2024-05-05,2090.3916,131.96579,2222.35739
2024-05-06,2095.3354,113.33044,2208.66584
2024-05-07,2101.2515,94.33376,2195.58526
2024-05-08,2024.7135,355.57367,2380.28717
2024-05-09,2042.3181,296.89435,2339.21245
2024-05-10,2045.097,278.19513,2323.29213
2024-05-11,2085.991,144.60324,2230.59424
2024-05-12,1966.0221,556.6308,2522.6529
2024-05-13,1978.6155,521.6697,2500.2852000000003
2024-05-14,2058.9333,234.01794,2292.9512400000003
2024-05-15,2089.947,130.39612,2220.34312
2024-05-16,1994.4441,472.76965,2467.21375
2024-05-17,2093.891,118.178345,2212.069345
2024-05-18,2031.9005,324.39868,2356.29918
2024-05-19,2082.893,154.65015,2237.54315
2024-05-20,2056.2942,244.83936,2301.1335599999998
2024-05-21,1975.9445,526.07983,2502.02433
2024-05-22,2086.1897,146.33716,2232.52686
2024-05-23,2009.7963,398.63745,2408.43375
2024-05-24,2044.9154,283.63745,2328.55285
2024-05-25,1977.1177,509.22754,2486.34524
2024-05-26,2086.5112,142.5503,2229.0615
2024-05-27,2048.1162,267.04883,2315.16503
2024-05-28,1985.6451,487.6385,2473.2835999999998
2024-05-29,2004.7147,407.5558,2412.2705
2024-05-30,2027.7562,336.98953,2364.74573
2024-05-31,2043.5625,292.7809,2336.3433999999997
2024-06-01,2034.0604,316.6669,2350.7273
2024-06-02,2051.4004,264.8282,2316.2286
2024-06-03,2080.2305,162.40454,2242.63504
2024-06-04,2124.4907,17.56896,2142.05966
2024-06-05,2085.036,147.79543,2232.83143
2024-06-06,2051.902,257.00235,2308.90435
2024-06-07,1959.7795,540.3871,2500.1666
2024-06-08,1860.4575,923.1521,2783.6096
2024-06-09,2049.9207,262.39908,2312.3197800000003
2024-06-10,2053.0405,254.89694,2307.93744
2024-06-11,2039.8044,297.4817,2337.2861
2024-06-12,2084.1157,149.28497,2233.40067
2024-06-13,2041.7539,290.69623,2332.45013
2024-06-14,2025.8928,349.21448,2375.10728
2024-06-15,1649.0127,1626.0583,3275.071
2024-06-16,2074.3704,179.7522,2254.1225999999997
2024-06-17,2073.8647,185.29114,2259.15584
2024-06-18,2091.0908,130.95435,2222.04515
2024-06-19,2091.4604,125.90552,2217.3659199999997
2024-06-20,2001.6709,456.66275,2458.33365
2024-06-21,2087.2332,139.49023,2226.72343
2024-06-22,2069.6155,198.54517,2268.1606699999998
2024-06-23,2096.1897,110.85742,2207.0471199999997
2024-06-24,2081.9539,158.0166,2239.9705
2024-06-25,2073.5955,188.22583,2261.8213299999998
2024-06-26,2098.771,102.444695,2201.2156950000003
2024-06-27,2108.078,71.4645,2179.5425
2024-06-28,1987.2877,486.91696,2474.2046600000003
2024-06-29,2005.9321,423.6711,2429.6032
2024-06-30,2114.6746,49.65052,2164.32512
2024-07-01,1992.3378,467.39203,2459.72983
2024-07-02,2076.227,181.40048,2257.6274799999997
2024-07-03,1988.1577,485.26038,2473.41808
2024-07-04,2107.2925,73.852936,2181.145436
2024-07-05,2005.3724,426.96344,2432.3358399999997
2024-07-06,2006.9689,422.39325,2429.36215
2024-07-07,2052.7415,253.01411,2305.75561
2024-07-08,2109.972,64.76551,2174.7375100000004
2024-07-09,2060.5366,235.36636,2295.90296
2024-07-10,2113.0828,55.29774,2168.38054
2024-07-11,1965.3622,584.9605,2550.3227
2024-07-12,1988.2988,494.54242,2482.8412200000002
2024-07-13,2002.0525,444.47955,2446.53205
2024-07-14,2104.004,84.72293,2188.72693
2024-07-15,2031.3751,347.28107,2378.65617
2024-07-16,1997.5159,466.37976,2463.89566
2024-07-17,1993.0662,458.36356,2451.42976
2024-07-18,2083.427,151.71545,2235.1424500000003
2024-07-19,1984.6432,502.00574,2486.64894
2024-07-20,1976.227,534.5303,2510.7573
2024-07-21,2103.5312,87.28799,2190.8191899999997
2024-07-22,2109.495,66.66204,2176.15704
2024-07-23,2018.3922,406.796,2425.1882
2024-07-24,2118.9268,36.863796,2155.7905960000003
2024-07-25,2082.387,159.14908,2241.5360800000003
2024-07-26,2117.848,39.38378,2157.23178
2024-07-27,2088.926,140.39235,2229.31835
2024-07-28,2095.142,115.321915,2210.463915
2024-07-29,2118.3906,37.45015,2155.8407500000003
2024-07-30,2057.919,236.43527,2294.35427
2024-07-31,2061.7424,225.94678,2287.6891800000003
2024-08-01,2103.0608,90.80353,2193.8643300000003
2024-08-02,2110.6724,63.505737,2174.178137
2024-08-03,2065.1194,214.29102,2279.41042
2024-08-04,2113.6394,53.216385,2166.855785
2024-08-05,2104.415,83.2247,2187.6397
2024-08-06,2111.442,60.681107,2172.123107
2024-08-07,2112.093,57.90825,2170.00125
2024-08-08,2110.7612,62.22366,2172.98486
2024-08-09,1930.71,679.8381,2610.5481
2024-08-10,2108.1477,70.83313,2178.98083
2024-08-11,2095.128,115.08368,2210.2116800000003
2024-08-12,2058.51,244.54597,2303.0559700000003
2024-08-13,2111.4353,60.061035,2171.4963350000003
2024-08-14,2104.3125,84.65759,2188.97009
2024-08-15,2089.538,135.52515,2225.06315
2024-08-16,2061.6528,224.08846,2285.74126
2024-08-17,2105.7334,82.05256,2187.78596
2024-08-18,2113.5432,53.917946,2167.461146
2024-08-19,1966.5901,555.01227,2521.6023699999996
2024-08-20,1965.8484,565.2033,2531.0517
2024-08-21,2061.2993,229.12717,2290.4264700000003
2024-08-22,2022.0288,364.11758,2386.14638
2024-08-23,1912.0508,755.9172,2667.968
2024-08-24,2069.9878,201.9126,2271.9004
2024-08-25,2129.9004,0.0,2129.9004
2024-08-26,2024.092,383.58914,2407.68114
2024-08-27,1873.6954,886.532,2760.2274
2024-08-28,1992.3252,462.57178,2454.89698
2024-08-29,1998.2489,438.47562,2436.72452
2024-08-30,1916.3889,741.9624,2658.3513
2024-08-31,1968.1711,540.452,2508.6231
2024-09-01,2041.3622,295.16034,2336.52254
2024-09-02,2011.353,405.5512,2416.9042
2024-09-03,1948.313,651.35,2599.663
2024-09-04,1949.4083,666.9226,2616.3309
2024-09-05,1976.9348,549.5199,2526.4547000000002
2024-09-06,1999.7223,442.90448,2442.62678
2024-09-07,1977.117,534.4007,2511.5177
2024-09-08,2003.8805,421.0641,2424.9446
2024-09-09,2039.5896,309.0735,2348.6631
2024-09-10,1979.7266,523.1201,2502.8467
2024-09-11,2025.5719,421.25952,2446.83142
2024-09-12,1942.5403,656.7257,2599.2659999999996
2024-09-13,2024.0469,379.21054,2403.25744
2024-09-14,1821.5704,1120.6603,2942.2307
2024-09-15,1970.5176,534.42993,2504.94753
2024-09-16,2038.2527,316.51465,2354.76735
2024-09-17,2061.3188,231.27393,2292.59273
2024-09-18,1935.1018,685.91943,2621.02123
2024-09-19,1956.639,602.8367,2559.4757
2024-09-20,2035.9908,319.65332,2355.64412
2024-09-21,1996.3036,458.10217,2454.40577
2024-09-22,2093.8596,118.56134,2212.42094
2024-09-23,2006.0149,429.54694,2435.56184
2024-09-24,2034.4165,326.87537,2361.29187
2024-09-25,2021.6367,373.20398,2394.8406800000002
2024-09-26,2052.045,261.9397,2313.9847
2024-09-27,2066.5244,222.10693,2288.6313299999997
2024-09-28,2047.0629,275.14648,2322.20938
2024-09-29,1988.9889,476.04977,2465.03867
2024-09-30,2042.8596,308.7367,2351.5963
2024-10-01,2038.6611,305.9964,2344.6575000000003
2024-10-02,2046.4924,298.47534,2344.96774
2024-10-03,2065.6685,229.57582,2295.2443200000002
2024-10-04,1985.119,536.697,2521.816
2024-10-05,1978.4209,525.8913,2504.3122000000003
2024-10-06,2070.6843,202.30618,2272.99048
2024-10-07,2031.9062,347.64136,2379.54756
2024-10-08,2008.5907,416.9127,2425.5034
2024-10-09,1894.0264,845.5233,2739.5497
2024-10-10,1993.47,482.1906,2475.6606
2024-10-11,2079.2793,170.61328,2249.89258
2024-10-12,2084.9167,147.42627,2232.34297
2024-10-13,2060.701,222.93164,2283.63264
2024-10-14,2011.7631,398.22073,2409.98383
2024-10-15,2064.2026,211.74072,2275.9433200000003
2024-10-16,1976.7561,524.59875,2501.35485
2024-10-17,2108.8123,53.75142,2162.56372
2024-10-18,2124.2234,0.0,2124.2234
2024-10-19,2124.2234,0.0,2124.2234
2024-10-20,2058.2031,227.79266,2285.9957600000002
2024-10-21,2061.2341,211.33148,2272.56558
2024-10-22,2041.8671,291.57294,2333.44004
2024-10-23,2068.8948,188.74068,2257.63548
2024-10-24,2004.1042,407.80356,2411.90776
2024-10-25,1985.1387,475.78622,2460.92492
2024-10-26,1974.6555,642.6587,2617.3142
2024-10-27,1996.3868,463.65756,2460.04436
2024-10-28,2027.6279,337.7489,2365.3768
2024-10-29,2070.4934,183.05841,2253.55181
2024-10-30,2032.4458,315.15115,2347.59695
2024-10-31,2072.479,176.1267,2248.6056999999996
2024-11-01,2039.1143,289.60217,2328.71647
2024-11-02,2106.088,60.605663,2166.693663
2024-11-03,2034.6316,304.8641,2339.4957
2024-11-04,2001.9185,424.22845,2426.14695
2024-11-05,2071.9827,174.17534,2246.1580400000003
2024-11-06,1919.3889,710.60516,2629.99406
2024-11-07,1949.0299,605.2684,2554.2983
2024-11-08,1797.0175,1162.1735,2959.191
2024-11-09,2002.8843,411.1505,2414.0348
2024-11-10,2048.0022,267.02902,2315.03122
2024-11-11,2053.3247,240.4859,2293.8106000000002
2024-11-12,2063.4917,205.98076,2269.47246
2024-11-13,2064.3958,211.6859,2276.0816999999997
2024-11-14,2060.6455,216.23044,2276.87594
2024-11-15,2062.287,210.36952,2272.65652
2024-11-16,2113.3674,35.471893,2148.839293
2024-11-17,2097.5486,90.042786,2187.591386
2024-11-18,2117.6343,22.133049,2139.767349
2024-11-19,2110.2515,45.63066,2155.8821599999997
2024-11-20,2111.498,41.918045,2153.416045
2024-11-21,2119.14,16.522491,2135.662491
2024-11-22,2090.3643,113.188675,2203.552975
2024-11-23,2119.845,14.278591,2134.1235909999996
2024-11-24,2107.5361,55.072594,2162.608694
2024-11-25,2084.692,133.04013,2217.73213
2024-11-26,2105.1218,65.09036,2170.21216
2024-11-27,2121.9111,7.4551163,2129.3662163
2024-11-28,2117.8442,21.010872,2138.855072
2024-11-29,2109.0513,50.057735,2159.109035
2024-11-30,2116.6472,24.603733,2141.250933
2024-12-01,2115.2368,29.324245,2144.561045
2024-12-02,2055.9482,229.50758,2285.45578
2024-12-03,2061.3005,211.212,2272.5125
2024-12-04,2116.6472,24.73418,2141.38138
2024-12-05,2036.0571,299.00345,2335.06055
2024-12-06,2072.1926,177.82101,2250.01361
2024-12-07,2053.5256,239.43282,2292.95842
2024-12-08,2078.1152,153.17603,2231.2912300000003
2024-12-09,2059.7034,215.12738,2274.83078
2024-12-10,2077.439,158.61499,2236.05399
2024-12-11,2110.268,46.58531,2156.85331
2024-12-12,2076.672,158.75746,2235.42946
2024-12-13,2053.831,238.31891,2292.14991
2024-12-14,2102.4324,73.78554,2176.21794
2024-12-15,2046.5173,260.4884,2307.0057
2024-12-16,2064.9463,196.7351,2261.6814
2024-12-17,2084.2444,134.27858,2218.52298
2024-12-18,2105.7092,61.49153,2167.2007299999996
2024-12-19,2059.3281,227.24832,2286.5764200000003
2024-12-20,2091.8052,107.04059,2198.84579
2024-12-21,2052.6714,240.12656,2292.7979600000003
2024-12-22,2048.9668,263.512,2312.4788000000003
2024-12-23,2035.5284,304.08447,2339.61287
2024-12-24,1977.9493,493.3121,2471.2614
2024-12-25,1946.1383,599.97235,2546.11065
2024-12-26,1891.5193,798.8202,2690.3395
2024-12-27,2052.509,242.55539,2295.06439
2024-12-28,2040.7482,275.563,2316.3112
2024-12-29,2049.4836,249.50104,2298.98464
2024-12-30,2009.2844,387.44666,2396.73106
2024-12-31,2028.1501,317.1124,2345.2625
2025-01-01,2041.5968,297.57715,2339.17395
2025-01-02,2026.5967,355.28766,2381.88436
2025-01-03,2044.1113,272.15817,2316.26947
2025-01-04,2052.6506,238.54611,2291.19671
2025-01-05,2023.1959,335.77484,2358.9707399999998
2025-01-06,2092.5972,105.58435,2198.1815500000002
2025-01-07,2072.3787,172.20023,2244.57893
2025-01-08,2029.2899,315.4631,2344.753
2025-01-09,2020.4185,358.039,2378.4575
2025-01-10,2026.0485,354.04166,2380.09016
2025-01-11,2018.9467,354.17453,2373.1212299999997
2025-01-12,2049.1348,253.72002,2302.85482
2025-01-13,1987.2708,476.42517,2463.6959699999998
2025-01-14,2081.203,145.00467,2226.20767
2025-01-15,2043.7269,281.39288,2325.11978
2025-01-16,2077.9834,164.47777,2242.46117
2025-01-17,2053.0564,258.4637,2311.5200999999997
2025-01-18,2094.2964,107.08363,2201.3800300000003
2025-01-19,2068.2358,195.22221,2263.45801
2025-01-20,2103.5598,71.48189,2175.04169
2025-01-21,2069.9934,191.83232,2261.82572
2025-01-22,2088.5015,122.71262,2211.2141199999996
2025-01-23,2062.5813,215.36551,2277.94681
2025-01-24,2102.176,79.75475,2181.93075
2025-01-25,2115.765,31.62275,2147.38775
2025-01-26,2080.4116,160.54076,2240.9523599999998
2025-01-27,2052.4165,246.63585,2299.05235
2025-01-28,2083.386,139.26472,2222.65072
2025-01-29,2024.1735,347.5823,2371.7558
2025-01-30,2014.285,387.64853,2401.9335300000002
2025-01-31,2086.8467,132.60657,2219.45327
2025-02-01,2077.1987,177.18907,2254.38777
2025-02-02,2084.0945,138.15259,2222.2470900000003
2025-02-03,2047.5215,270.6563,2318.1778
2025-02-04,2015.3759,390.29065,2405.66655
2025-02-05,1978.4307,537.96344,2516.39414
2025-02-06,2056.9656,229.90604,2286.87164
2025-02-07,2026.61,345.21176,2371.82176
2025-02-08,2024.9624,347.16824,2372.13064
2025-02-09,2110.1968,52.480232,2162.677032
2025-02-10,1965.2286,561.1632,2526.3918
2025-02-11,2051.5007,251.75133,2303.25203
2025-02-12,2016.3444,381.035,2397.3794
2025-02-13,2045.0101,285.74377,2330.75387
2025-02-14,2066.441,201.23468,2267.67568
2025-02-15,2041.1842,303.73175,2344.91595
2025-02-16,2112.2424,43.980373,2156.222773
2025-02-17,2038.0818,305.75885,2343.84065
2025-02-18,2070.708,184.83127,2255.53927
2025-02-19,2023.4266,363.92053,2387.34713
2025-02-20,2061.0034,220.91881,2281.92221
2025-02-21,1887.2645,1004.43787,2891.70237
2025-02-22,2048.3887,272.76654,2321.15524
2025-02-23,1998.8751,468.75433,2467.62943
2025-02-24,1909.8307,956.59595,2866.42665
2025-02-25,1941.2463,756.25635,2697.50265
2025-02-26,2005.7455,516.74786,2522.49336
2025-02-27,1951.3333,598.187,2549.5203
2025-02-28,1853.1405,1095.7478,2948.8883
2025-03-01,1975.3654,561.8201,2537.1855
2025-03-02,2050.3271,251.2324,2301.5595
2025-03-03,1908.2908,861.49585,2769.78665
2025-03-04,1956.4385,625.69366,2582.13216
2025-03-05,1982.225,657.69495,2639.91995
2025-03-06,1860.0375,1195.5548,3055.5923
2025-03-07,1861.4816,1814.9482,3676.4298
2025-03-08,2108.956,54.70141,2163.6574100000003
2025-03-09,1998.3326,551.2327,2549.5653
2025-03-10,2052.81,259.71777,2312.5277699999997
2025-03-11,1898.9576,856.507,2755.4646
2025-03-12,1914.8169,809.33795,2724.15485
2025-03-13,1883.1326,821.923,2705.0555999999997
2025-03-14,1935.4502,626.9821,2562.4323
2025-03-15,2093.0093,106.97864,2199.98794
2025-03-16,1990.4775,520.3866,2510.8641
2025-03-17,2040.8551,296.54797,2337.40307
2025-03-18,2027.834,350.98938,2378.82338
2025-03-19,2004.2728,424.47162,2428.74442
2025-03-20,2074.3054,341.29294,2415.59834
2025-03-21,2070.304,360.33337,2430.63737
2025-03-22,2086.1763,291.4322,2377.6085000000003
2025-03-23,2122.4565,167.4973,2289.9538
2025-03-24,2093.9048,274.5579,2368.4627
2025-03-25,2084.4895,369.08054,2453.57004
2025-03-26,2061.3535,508.3401,2569.6936
2025-03-27,2110.5483,252.43413,2362.98243
2025-03-28,2077.4136,407.75244,2485.16604
2025-03-29,2129.862,142.40598,2272.26798
2025-03-30,2113.3423,201.22902,2314.57132
2025-03-31,2120.9504,176.0208,2296.9712
2025-04-01,2001.3423,625.933,2627.2753000000002
2025-04-02,1987.6115,630.33093,2617.94243
2025-04-03,1946.1158,821.91925,2768.03505
2025-04-04,2010.6794,582.27057,2592.94997
2025-04-05,2143.6067,91.34152,2234.9482199999998
2025-04-06,1988.5924,748.80176,2737.39416
2025-04-07,1990.4946,670.0456,2660.5402
2025-04-08,2092.228,282.3676,2374.5956
2025-04-09,1980.67,790.95984,2771.62984
2025-04-10,1916.1288,953.9105,2870.0393
2025-04-11,1938.8378,908.15906,2846.99686
2025-04-12,2121.4753,172.03423,2293.5095300000003
2025-04-13,2020.6409,657.07983,2677.72073
2025-04-14,2077.625,317.52637,2395.15137
2025-04-15,1958.6886,882.11694,2840.80554
2025-04-16,1934.1449,926.5094,2860.6543
2025-04-17,2018.9044,523.0815,2541.9858999999997
2025-04-18,1919.6664,869.52844,2789.19484
2025-04-19,2077.4727,323.78162,2401.25432
2025-04-20,1878.9386,1366.8708,3245.8094
2025-04-21,1902.6658,1226.5078,3129.1736
2025-04-22,1979.6945,790.13934,2769.8338400000002
2025-04-23,1936.7563,973.9192,2910.6755000000003
2025-04-24,1985.7527,784.9197,2770.6724
2025-04-25,1923.932,1129.9924,3053.9244
2025-04-26,2153.9448,60.848335,2214.7931350000003
2025-04-27,2120.4321,193.99011,2314.42221
2025-04-28,2011.9185,647.47766,2659.3961600000002
2025-04-29,2025.6464,525.47864,2551.12504
2025-04-30,2068.8547,428.21548,2497.0701799999997
2025-05-01,2056.1414,457.37784,2513.51924
2025-05-02,2128.1687,154.74318,2282.91188
2025-05-03,2102.1323,249.97586,2352.10816
2025-05-04,2135.0254,125.96683,2260.99223
2025-05-05,2103.1099,237.4914,2340.6013
2025-05-06,2125.1733,165.33817,2290.51147
2025-05-07,2080.234,319.96896,2400.20296
2025-05-08,2091.2268,300.2798,2391.5065999999997
2025-05-09,2109.6555,221.88863,2331.5441299999998
2025-05-10,2074.8516,344.43256,2419.28416
2025-05-11,2139.4707,112.97801,2252.4487099999997
2025-05-12,2090.1238,286.76135,2376.88515
2025-05-13,2112.5771,208.48924,2321.06634
2025-05-14,2088.5415,295.72406,2384.26556
2025-05-15,2118.437,186.24586,2304.68286
2025-05-16,2036.5509,479.9708,2516.5217
2025-05-17,2125.342,157.55249,2282.89449
2025-05-18,2153.847,70.29553,2224.14253
2025-05-19,2120.5803,179.57559,2300.15589
2025-05-20,2087.8052,307.1901,2394.9952999999996
2025-05-21,2137.4333,120.33716,2257.77046
2025-05-22,2160.8623,38.670288,2199.5325879999996
2025-05-23,2098.687,254.67105,2353.35805
2025-05-24,2108.42,213.82799,2322.24799
2025-05-25,1998.0988,779.5203,2777.6191
2025-05-26,2089.3762,279.5501,2368.9263
2025-05-27,1967.5574,836.8528,2804.4102
2025-05-28,1965.8776,739.0206,2704.8982
2025-05-29,2103.3813,237.64162,2341.02292
2025-05-30,1970.867,711.3628,2682.2298
2025-05-31,2093.0308,283.22632,2376.25712
2025-06-01,2098.42,259.37225,2357.79225
2025-06-02,2120.7915,181.39697,2302.18847
2025-06-03,2084.9392,381.3218,2466.261
2025-06-04,2039.9164,539.3165,2579.2329
2025-06-05,2048.325,566.55444,2614.8794399999997
2025-06-06,2092.7837,277.62012,2370.40382
2025-06-07,2146.981,88.53837,2235.5193700000004
2025-06-08,2002.9382,676.06854,2679.00674
2025-06-09,1937.287,853.0404,2790.3274
2025-06-10,2137.224,118.331345,2255.555345
2025-06-11,2105.1484,231.85669,2337.00509
2025-06-12,2148.8213,76.32065,2225.14195
2025-06-13,1976.741,684.8602,2661.6012
2025-06-14,2065.8953,448.20148,2514.0967800000003
2025-06-15,1962.8877,867.9022,2830.7898999999998
2025-06-16,1889.9059,1043.1392,2933.0451000000003
2025-06-17,1929.8462,914.8699,2844.7161
2025-06-18,2088.891,347.0116,2435.9026
2025-06-19,1953.1385,750.13434,2703.27284
2025-06-20,1974.1176,725.6351,2699.7527
2025-06-21,1993.0979,669.5577,2662.6556
2025-06-22,2101.9663,267.115,2369.0813
2025-06-23,1866.7416,1150.5886,3017.3302000000003
2025-06-24,1934.891,1038.5355,2973.4265
2025-06-25,1918.0739,1165.9873,3084.0612
2025-06-26,2132.6516,134.24008,2266.89168
2025-06-27,2062.674,447.29065,2509.96465
2025-06-28,2100.9585,284.5937,2385.5522
2025-06-29,2163.0813,28.325943,2191.4072429999997
2025-06-30,1996.0715,799.6408,2795.7123
2025-07-01,2059.6392,511.03275,2570.67195
2025-07-02,2036.1267,570.2241,2606.3508
2025-07-03,1902.5078,1257.6968,3160.2046
2025-07-04,1917.4197,922.80835,2840.2280499999997
2025-07-05,1973.3748,700.99493,2674.36973
2025-07-06,1952.5703,823.6438,2776.2141
2025-07-07,1832.408,1415.4363,3247.8442999999997
2025-07-08,1902.5138,1196.117,3098.6308
2025-07-09,1922.8109,1038.0261,2960.837
2025-07-10,2079.734,322.82556,2402.5595599999997
2025-07-11,2094.007,278.97687,2372.98387
2025-07-12,1963.8695,780.54504,2744.4145399999998
2025-07-13,1975.9496,794.1609,2770.1105
2025-07-14,1893.7882,1068.4006,2962.1888
2025-07-15,1924.1486,935.8086,2859.9572
2025-07-16,2055.7346,448.58798,2504.32258
2025-07-17,2135.2053,126.75882,2261.96412
2025-07-18,2171.113,0.0,2171.113
2025-07-19,2171.113,0.0,2171.113
2025-07-20,2171.113,0.0,2171.113
2025-07-21,2171.113,0.0,2171.113
2025-07-22,2148.8928,78.18949,2227.0822900000003
2025-07-23,2100.2527,245.54094,2345.79364
2025-07-24,2064.4832,370.57178,2435.05498
2025-07-25,2069.7822,500.00317,2569.78537
2025-07-26,2068.6704,374.63812,2443.30852
2025-07-27,2038.1371,527.42914,2565.56624
2025-07-28,2062.669,484.98877,2547.65777
2025-07-29,2095.656,325.7935,2421.4494999999997
2025-07-30,2063.0715,385.93298,2449.00448
2025-07-31,2097.0117,281.42432,2378.43602
2025-08-01,2065.6658,385.87494,2451.5407400000004
2025-08-02,2082.3542,360.1153,2442.4695
2025-08-03,2024.0984,558.62067,2582.71907
2025-08-04,1991.6769,735.60803,2727.28493
2025-08-05,2009.233,680.4259,2689.6589
2025-08-06,2137.2087,122.80136,2260.01006
2025-08-07,2011.3385,603.8048,2615.1433
2025-08-08,1974.0347,944.5229,2918.5576
2025-08-09,1945.1221,1035.5806,2980.7027
2025-08-10,2060.9248,460.5277,2521.4525
2025-08-11,2038.0039,534.2479,2572.2518
2025-08-12,1731.9271,1883.9626,3615.8897
2025-08-13,2008.3612,656.4925,2664.8537
2025-08-14,2148.8044,83.95271,2232.75711
2025-08-15,2164.6736,24.550884,2189.2244840000003
2025-08-16,2057.6877,425.0569,2482.7446
2025-08-17,2086.1006,320.26962,2406.3702200000002
2025-08-18,2070.2605,357.5699,2427.8304
2025-08-19,2076.5178,342.7777,2419.2955
2025-08-20,2146.209,91.73879,2237.9477899999997
2025-08-21,2005.4642,579.17566,2584.6398599999998
2025-08-22,2036.6263,627.52936,2664.15566
2025-08-23,2016.7678,677.1744,2693.9422
2025-08-24,2054.1086,522.49475,2576.60335
2025-08-25,2037.3232,517.16895,2554.49215
2025-08-26,2113.9182,205.81627,2319.73447
2025-08-27,2071.697,349.6079,2421.3049
2025-08-28,2051.8823,456.80524,2508.6875400000004
2025-08-29,1975.3832,804.71436,2780.09756
2025-08-30,1971.1208,844.2577,2815.3785
2025-08-31,2161.164,35.762573,2196.926573
2025-09-01,2061.7957,393.9468,2455.7425000000003
2025-09-02,2046.9869,458.17957,2505.16647
2025-09-03,1985.9432,694.32587,2680.26907
2025-09-04,1992.5527,679.72656,2672.27926
2025-09-05,2009.3215,674.71387,2684.03537
2025-09-06,2067.6025,443.67224,2511.27474
2025-09-07,2166.0916,18.920603,2185.012203
2025-09-08,1952.3397,939.06366,2891.4033600000002
2025-09-09,1953.6945,941.2407,2894.9352
2025-09-10,1970.8083,817.7947,2788.603
2025-09-11,2051.83,513.1112,2564.9412
2025-09-12,2045.9427,567.70807,2613.65077
2025-09-13,2055.871,454.12656,2509.9975600000002
2025-09-14,2098.3958,252.95459,2351.3503899999996
2025-09-15,2034.2778,490.13675,2524.41455
2025-09-16,2047.8103,458.42584,2506.23614
2025-09-17,1978.0099,615.5802,2593.5901
2025-09-18,2089.1697,308.84308,2398.01278
2025-09-19,2090.2449,354.6725,2444.9174000000003
2025-09-20,2155.1904,55.162384,2210.352784
2025-09-21,2081.734,318.23453,2399.96853
2025-09-22,2015.2069,655.6377,2670.8446
2025-09-23,2047.3872,470.23593,2517.62313
2025-09-24,2055.261,417.23083,2472.49183
2025-09-25,2017.4934,559.0651,2576.5585
2025-09-26,2082.7998,333.33255,2416.13235
2025-09-27,1988.3556,726.2333,2714.5889
2025-09-28,2088.1218,372.56866,2460.69046
2025-09-29,2009.8145,667.28217,2677.09667
2025-09-30,1948.8357,898.0132,2846.8489
2025-10-01,1965.1168,1023.19684,2988.31364
2025-10-02,1840.0706,1536.2487,3376.3193
2025-10-03,1935.642,974.883,2910.525
2025-10-04,1884.3154,1292.0422,3176.3576000000003
2025-10-05,2014.8647,692.2777,2707.1424
2025-10-06,1914.7303,1225.9833,3140.7136
2025-10-07,1874.6271,1250.7825,3125.4096
2025-10-08,1985.2664,861.83136,2847.09776
2025-10-09,1949.6415,1019.22656,2968.86806
2025-10-10,2068.8416,478.93207,2547.77367
2025-10-11,1956.5991,989.1436,2945.7427
2025-10-12,1979.9917,714.3995,2694.3912
2025-10-13,2011.4539,747.62805,2759.08195
2025-10-14,1879.4272,1311.8335,3191.2607
2025-10-15,1904.9392,1152.8016,3057.7408
2025-10-16,1986.5198,766.5489,2753.0687
2025-10-17,2022.9554,713.8439,2736.7993
2025-10-18,2035.9052,546.3635,2582.2687
2025-10-19,2099.5671,262.1872,2361.7543
2025-10-20,1952.5453,898.64545,2851.1907499999998
2025-10-21,1953.2089,901.3994,2854.6083
2025-10-22,1929.7848,964.50287,2894.2876699999997
2025-10-23,1921.7833,935.796,2857.5793000000003
2025-10-24,1974.3688,769.0032,2743.372
2025-10-25,1929.0269,886.0052,2815.0321
2025-10-26,2019.6154,563.6162,2583.2316
2025-10-27,1938.8694,885.8167,2824.6861
2025-10-28,1993.3328,642.97186,2636.30466
2025-10-29,1999.3097,724.6576,2723.9673000000003
2025-10-30,2018.5042,530.1757,2548.6799
2025-10-31,1884.9396,1129.5299,3014.4695
2025-11-01,1911.9855,1173.6663,3085.6518
2025-11-02,2034.3027,508.52682,2542.82952
2025-11-03,1957.0554,845.9767,2803.0321
2025-11-04,1953.072,932.5929,2885.6648999999998
2025-11-05,1934.1027,957.7516,2891.8543
2025-11-06,1872.8866,1216.1853,3089.0719
2025-11-07,1991.3787,742.83765,2734.21635
2025-11-08,1959.6995,846.54083,2806.24033
2025-11-09,2064.1052,391.95026,2456.05546
2025-11-10,1998.1201,720.5328,2718.6529
2025-11-11,1989.531,747.84955,2737.38055
2025-11-12,1837.1438,1360.3354,3197.4791999999998
2025-11-13,2037.362,467.0115,2504.3735
2025-11-14,2022.3627,536.54596,2558.90866
2025-11-15,2134.4834,139.8146,2274.2980000000002
2025-11-16,2147.7422,70.64027,2218.38247
2025-11-17,2164.4963,3.6740413,2168.1703413
2025-11-18,2165.436,0.0,2165.436
2025-11-19,2165.3188,0.38049984,2165.69929984
2025-11-20,2165.436,0.0,2165.436
2025-11-21,530.18427,0.0,530.18427
2025-11-24,2165.436,0.0,2165.436
2025-11-25,2165.436,0.0,2165.436
2025-11-26,2165.436,0.0,2165.436
2025-11-27,2165.436,0.0,2165.436
2025-11-28,537.04364,0.0,537.04364
2025-12-09,2165.436,0.0,2165.436
2025-12-10,2165.436,0.0,2165.436
2025-12-11,2165.436,0.0,2165.436
2025-12-12,537.3852,0.0,537.3852
2025-12-14,2165.436,0.0,2165.436
2025-12-15,2165.436,0.0,2165.436
2025-12-16,2165.436,0.0,2165.436
2025-12-17,2165.436,0.0,2165.436
2025-12-18,2165.3357,0.32405502,2165.65975502
2025-12-19,2165.436,0.0,2165.436
2025-12-20,2165.3357,0.32144392,2165.65714392
2025-12-21,2165.185,0.8560671,2166.0410671
2025-12-22,536.88403,0.0,536.88403
2026-01-02,2165.436,0.0,2165.436
2026-01-03,1310.9036,0.0,1310.9036
