date,exercise_sessions,exercise_calories,exercise_duration,distance_km,avg_heart_rate_ex
2019-06-14,1,88.62,16.195333333333334,0.72846,
2019-06-23,5,532.3499999999999,116.90035,5.044029999999999,
2019-07-17,1,45.84,11.510116666666667,0.43788,
2019-08-14,1,44.1,11.025216666666667,0.41178,
2019-08-17,1,44.32,11.028033333333333,0.40864,
2019-08-20,1,97.24,16.13175,0.59869,
2019-08-27,2,425.06,69.64545000000001,2.6191201,
2019-08-28,1,107.01,17.287666666666667,0.65859,
2019-08-29,3,387.389996,63.47856666666667,2.38735,
2019-08-30,1,63.95,11.181766666666666,0.39104,
2019-09-03,2,412.99,67.26505,2.56458,
2019-09-10,2,300.01999,48.5291,1.8444399999999999,
2019-09-11,2,320.53,51.13758333333334,1.9731900000000002,
2019-09-12,1,146.64,24.90135,0.90064,
2019-09-16,1,204.83,34.03475,1.25489,
2019-09-17,1,212.25,35.0724,1.30299,
2019-09-18,1,189.54,30.4828,1.17216,
2019-09-19,1,215.2,35.427566666666664,1.32126,
2019-09-23,3,349.04,55.8603,2.1501900000000003,
2019-09-24,3,408.86996999999997,65.22246666666666,2.5244401400000003,
2019-09-28,2,209.67000000000002,34.619483333333335,1.2955,
2019-09-30,1,208.06999,33.01278333333333,1.2930599999999999,
2019-10-01,1,197.47,31.339266666666667,1.2255,
2019-10-03,2,383.61,63.14623333333333,2.36559,
2019-10-05,1,178.86,29.000533333333333,1.1031,
2019-10-07,1,100.159996,16.290366666666667,0.61545,
2019-10-08,1,78.65,12.190283333333333,0.48634,
2019-10-10,1,118.24,18.0638,0.73634,
2019-10-11,2,216.20999999999998,34.086283333333334,1.34097,
2019-11-15,1,49.68,13.103183333333334,0.9527100000000001,
2019-11-18,2,192.559998,46.70825,3.69144,
2019-11-19,2,210.84999800000003,52.457449999999994,4.02107,
2019-11-20,1,66.92,16.777283333333333,1.27147,
2019-12-06,1,54.719997,15.554433333333334,1.05484,
2019-12-07,1,66.57,15.67795,1.2897,
2019-12-24,1,101.47,31.926933333333334,1.93697,
2020-01-08,3,144.69,36.567949999999996,2.75981,
2020-01-14,1,102.9,24.7496,1.97252,
2020-01-16,2,163.92000000000002,39.97095,3.1532799000000002,
2020-02-05,2,231.29000000000002,41.25836666666667,2.8836999999999997,
2020-02-23,2,177.339995,45.7958,3.4114199999999997,
2020-02-26,1,45.2,11.70305,0.86052,
2020-03-07,1,80.62,20.079766666666668,1.57302,
2020-03-11,1,117.53,17.979133333333333,1.48226,
2020-03-12,1,79.62,19.259666666666668,1.52348,
2020-05-24,1,64.72,11.158316666666666,0.80257,
2020-05-25,1,77.729996,12.840183333333334,0.95943,
2020-05-26,1,96.58,16.3224,1.19249,
2020-05-27,1,70.49,11.70715,0.869,
2020-05-29,1,75.6,12.644733333333333,0.9329100300000001,
2020-05-30,1,179.44,29.538633333333333,2.23054,
2020-06-01,1,94.93,18.04245,1.1845999999999999,
2020-06-02,1,131.33,21.925483333333332,1.6308,
2020-06-03,1,141.94,22.50565,1.7724000000000002,
2020-06-12,2,206.62,35.35326666666667,2.5647599999999997,
2020-06-13,1,83.01,13.465433333333333,1.03467,
2020-07-02,1,119.75,27.450633333333332,2.32052,
2020-07-04,2,159.88,35.77341666666667,3.0536899999999996,
2020-07-06,3,271.25,36.65218333333333,5.28486,
2020-07-07,2,410.8,54.995666666666665,8.651069999999999,
2020-07-08,8,1122.55,116.23125,11.48526,
2020-07-09,4,1193.97,123.84126666666667,12.90178,
2020-07-10,5,1147.26,124.15721666666667,11.956050000000001,
2020-07-11,3,975.0,88.90755,8.91169,
2020-07-12,1,545.0,61.495533333333334,15.44915,
2020-07-13,4,1393.1100000000001,142.97119999999998,16.74022,
2020-07-14,3,1440.20999,146.20136666666667,14.744689999999999,
2020-07-15,3,1206.8899999999999,118.05563333333333,11.201340000000002,
2020-07-16,3,1058.69,108.05103333333334,7.55044,
2020-07-17,4,1283.63,143.16213333333334,12.48345,
2020-07-18,3,1383.81,155.68006666666668,14.039469999999998,
2020-07-20,3,1029.42999,120.99058333333333,5.755739999999999,
2020-07-21,4,1182.38,144.91375,6.3863798,
2020-07-23,2,319.74,77.94248333333333,6.1234798,
2020-07-24,2,425.22,101.49273333333333,8.1594597,
2020-07-25,2,478.42,87.14256666666667,6.6523900000000005,
2020-07-27,2,1050.75,111.0264,4.438479999999999,
2020-07-28,2,1016.47,103.85176666666666,3.93657,
2020-07-29,2,1024.74,112.05215000000001,4.944640000000001,
2020-08-26,1,239.08,39.31033333333333,3.01717,
2020-10-01,1,260.34,43.08893333333334,3.2940300000000002,
2020-10-04,2,287.15999999999997,68.19550000000001,5.515,
2020-10-05,1,252.66,59.73685,4.86237,
2020-10-06,2,344.44999,81.127,6.6379899,
2020-10-07,2,317.33,73.20303333333334,6.1420200000000005,
2020-10-09,1,267.18,61.45656666666667,5.1741797,
2020-10-10,1,335.56,77.05505,6.49535,
2020-10-11,1,259.49,61.25935,4.994800000000001,
2020-10-12,2,208.189996,49.636716666666665,3.92401,
2020-10-13,1,323.58,78.24021666666667,6.19741,
2020-10-14,1,238.33,54.65165,4.6218699999999995,
2020-10-15,1,324.37,52.21576666666667,4.12105,
2020-11-19,1,235.81999,59.08951666666667,4.46922,
2020-11-20,1,232.48,58.17551666666667,4.417979999999999,
2020-11-30,2,370.13,58.410983333333334,4.7405099,
2020-12-09,1,180.05,28.774733333333334,2.29377,
2021-01-13,1,73.64,13.082133333333333,0.92937,
2021-01-17,1,101.07,17.402866666666668,1.3199501,
2021-02-15,1,102.0,16.74395,1.2883099,
2021-02-17,1,126.69,21.8504,1.60771,
2021-02-18,1,243.62,39.373466666666666,2.97555,
2021-02-19,1,68.18,11.244966666666667,0.8756900000000001,
2021-02-20,1,238.09,40.55178333333333,3.01627,
2021-02-22,2,260.47,40.30855,3.2470099999999995,
2021-02-23,2,364.75998,54.49228333333333,4.41078,
2021-02-24,1,206.63,32.29076666666667,2.5696999999999997,
2021-02-25,2,252.87,38.01161666666667,3.06554,
2021-02-26,3,325.02,47.66696666666667,3.9275699000000004,
2021-02-27,1,112.82,18.071366666666666,1.44329,
2021-03-14,1,67.8,11.286483333333333,0.8714,
2021-03-15,1,109.479996,20.13925,1.43706,
2021-03-22,1,70.19,14.1277,1.08841,
2021-03-23,1,53.14,11.016266666666667,0.81585004,
2021-03-29,2,237.91000000000003,44.96103333333333,3.6618701,
2021-03-30,2,236.21,35.82066666666667,3.15971,
2021-03-31,1,98.92,19.931183333333333,1.49809,
2021-04-08,1,186.44,26.829283333333333,2.46535,
2021-04-09,1,330.56,48.8269,4.45767,
2021-04-10,1,375.22,57.42231666666667,5.05477,
2021-04-12,1,340.51,51.95816666666666,4.52133,
2021-04-13,1,280.05,40.16381666666667,3.69294,
2021-04-14,1,336.66,51.628933333333336,4.499899999999999,
2021-04-15,2,375.44,55.9169,4.98907,
2021-04-16,1,311.94,46.30615,4.136520000000001,
2021-04-17,1,313.73,42.289116666666665,4.04216,
2021-04-19,2,375.04,56.4915,5.09066,
2021-04-20,1,345.6,48.763983333333336,4.58157,
2021-04-21,2,392.09000000000003,57.45865,5.27151,
2021-04-22,1,392.21,58.843016666666664,5.29815,
2021-04-24,1,420.83,69.16036666666666,5.81496,
2021-04-26,1,399.56,59.6477,5.38591,
2021-04-28,1,360.85,54.6486,4.8644300000000005,
2021-04-29,2,458.03000000000003,72.41766666666666,6.3290500000000005,
2021-04-30,2,290.28,44.59866666666667,3.95087,
2021-05-01,1,332.08,46.84321666666666,4.40906,
2021-05-02,1,364.54,56.31426666666667,4.990189999999999,
2021-05-04,1,338.29,46.859233333333336,4.4333100000000005,
2021-05-05,1,309.29,44.63368333333333,4.08599,
2021-05-06,1,389.58,57.564033333333334,5.20698,
2021-05-07,2,383.96000000000004,61.15156666666667,5.18171,
2021-05-10,1,320.33002,45.918416666666666,4.21926,
2021-05-11,1,291.73,42.74045,3.8818,
2021-05-12,1,304.86002,44.21803333333333,4.03613,
2021-05-13,1,276.3,37.95845,3.55483,
2021-05-15,1,471.0,66.09141666666666,6.16174,
2021-05-17,1,448.0,64.85545,5.8158900000000004,
2021-05-18,1,466.0,59.02025,5.8415,
2021-05-19,1,492.0,70.85585,5.9389899999999995,
2021-05-20,1,570.0,83.06083333333333,6.54024,
2021-05-21,1,589.0,76.72175,6.3468599999999995,
2021-05-22,2,493.8,93.1686,7.29566,
2021-05-23,1,511.0,89.02191666666667,6.6978100000000005,
2021-05-24,1,649.0,98.45763333333333,7.31587,
2021-05-25,1,83.77,13.07175,1.1406799,
2021-05-26,1,384.04,76.01205,5.63141,
2021-05-27,1,353.73,66.317,5.11026,
2021-05-28,1,389.74,68.03216666666667,5.62256,
2021-05-29,2,422.58,73.89436666666667,6.08673,
2021-05-30,1,65.25,13.255333333333333,0.9849199999999999,
2021-05-31,1,153.28,18.979566666666667,2.02925,
2021-06-01,1,368.66,69.85665,5.44537,
2021-06-02,2,252.29,36.715333333333334,3.46838,
2021-06-08,1,104.6,20.064116666666667,1.6285,
2021-06-12,2,422.83,75.58778333333333,6.12197,
2021-06-13,1,463.06,79.02136666666667,6.73992,
2021-06-18,2,526.05002,102.26368333333335,7.97258,
2021-06-19,2,785.64,145.13668333333334,11.71726,
2021-06-22,2,577.19,103.41481666666667,8.49328,
2021-06-23,1,417.62,76.0484,6.10135,
2021-06-24,1,429.67,78.79475,6.39082,
2021-06-25,2,502.89,98.10305,7.418349999999999,
2021-06-26,2,164.29999800000002,25.678266666666666,2.40816,
2021-06-28,2,347.05,76.15571666666666,5.53191,
2021-06-29,1,263.23,56.82385,4.149859999999999,
2021-06-30,2,177.32999999999998,40.071083333333334,3.0558699700000003,
2021-07-04,1,212.58,22.027166666666666,2.89909,
2021-07-09,2,302.0,23.508899999999997,3.29503,
2021-08-06,1,282.43,43.23813333333333,4.1792197,
2021-08-07,1,268.65,40.6813,3.81583,
2021-08-08,1,279.77,49.71973333333333,4.1275900000000005,
2021-08-11,1,244.97,48.89918333333333,4.0901,
2021-08-14,1,68.0,13.6402,1.07291,
2021-08-17,1,69.4,13.806866666666666,1.06937,
2021-08-21,1,46.01,10.917766666666667,0.7958999999999999,
2021-09-21,1,145.24,28.963766666666668,2.18996,
2021-11-01,1,109.12,21.757083333333334,1.6534200000000001,
2021-11-03,1,50.44,11.08615,0.76502,
2021-11-06,1,103.840004,21.099216666666667,1.57771,
2021-11-27,1,219.53,42.0,3.4681199,
2021-11-28,1,288.49,54.03231666666667,4.51076,
2021-12-18,1,61.71,11.5912,0.94038,
2021-12-23,2,116.780002,24.174033333333334,1.77771,
2022-01-25,1,58.88,11.690466666666667,0.89224,
2022-01-27,2,203.86,42.58333333333333,3.1209,
2022-01-28,1,339.83,69.18161666666667,5.20719,
2022-02-05,1,53.11,11.510066666666667,0.80977,
2022-02-18,1,323.56,69.34625,4.8665,
2022-02-20,1,274.15,51.71666666666667,4.22191,
2022-02-21,1,224.01,42.3636,3.43346,
2022-02-22,2,275.47,50.7,4.25625,
2022-02-23,1,325.04,59.79866666666667,4.98852,
2022-03-14,2,199.56,41.9,3.0964,
2022-03-15,2,243.74,47.99823333333333,3.7399000000000004,
2023-04-10,1,91.31319,14.535716666666668,1.2953915999999999,
2023-04-11,1,86.090256,14.794916666666667,1.1951287,
2023-04-19,1,2.0,0.26681666666666665,0.0,
2023-05-17,1,109.6037,18.93855,1.5170215,
2023-07-26,1,133.23082,21.97005,1.8850518,
2023-07-27,1,219.3703,36.918616666666665,3.1115098,
2023-07-28,1,202.48029,35.97078333333334,2.815495,
2023-07-29,2,421.14575,72.9906,5.893428699999999,
2023-07-30,2,434.80780000000004,76.98871666666666,6.014111,
2023-07-31,3,395.94826,67.51606666666666,5.5424816,
2023-08-01,1,429.29895,74.9184,6.009650400000001,
2023-08-02,2,385.34311,65.9888,5.3713154,
2023-08-03,2,414.89581,71.99074999999999,5.807123499999999,
2023-08-04,3,422.45927,72.80275,5.9105613,
2023-08-05,3,594.86294,104.85956666666667,8.2583784,
2023-08-06,1,644.0383,113.81111666666666,8.959099,
2023-08-07,3,636.77896,107.99068333333334,8.8769811,
2023-08-08,2,333.91513,56.57468333333333,4.6998517,
2023-08-09,3,697.7230500000001,116.77805000000001,9.8471017,
2023-08-10,2,401.93396,66.78661666666667,5.66079,
2023-08-11,1,422.28235,74.98853333333334,5.869076,
2023-08-12,1,332.82202,58.99385,4.689037,
2023-08-13,3,422.422936,72.35525,5.8703222,
2023-08-14,1,419.65744,68.99796666666667,5.8420566,
2023-08-16,1,389.0,61.49771666666667,5.91054,
2023-08-17,2,354.12501,57.993633333333335,5.0280353,
2023-08-18,3,412.99153,71.46770000000001,5.7826837,
2023-08-19,2,358.00821,58.565650000000005,5.089195800000001,
2023-08-20,2,409.00909,69.96768333333333,5.8272852,
2023-08-23,1,426.51367,75.80931666666666,5.9393027,
2023-08-24,3,314.77835500000003,51.828316666666666,4.4996299,
2023-08-25,1,425.6042,74.72363333333334,5.912139600000001,
2023-08-26,1,432.04727,78.9371,5.9619214000000005,
2023-09-20,1,100.84124,16.99973333333333,1.4325272,
2023-09-21,1,100.5578,16.71035,1.43929,
2023-09-22,1,99.09076,15.951233333333333,1.4168652,
2023-09-23,1,96.32483,14.993683333333333,1.3198281,
2023-09-25,2,228.768036,37.290549999999996,3.2377034,
2023-10-12,1,66.688416,10.9916,0.9337612000000001,
2023-10-30,1,175.3997,29.9666,2.4691300000000003,
2023-12-15,1,957.0,154.07956666666666,13.555909999999999,
2023-12-18,2,480.03485,83.90158333333333,6.715787300000001,
2023-12-19,1,479.0,87.26845,7.4687,
2023-12-24,1,90.60889,18.980366666666665,1.3204756,
2024-01-05,2,208.99316399999998,34.735866666666666,2.9036396,
2024-01-07,1,610.0,105.36306666666667,9.832379999999999,
2024-01-11,1,789.0,141.50406666666666,12.618889999999999,
2024-01-17,1,992.0,300.0,22.57002,
2024-01-25,3,633.04083,112.0718,9.9979272,
2024-02-02,1,54.58496,10.490766666666667,0.7913789,
2024-02-06,1,632.0,117.08763333333333,10.17486,
2024-02-14,1,654.0,117.92553333333333,10.815370000000001,
2024-02-15,1,636.0,114.26076666666667,10.08661,
2024-02-18,1,1359.0,250.95,21.30443,
2024-02-22,1,610.0,112.98663333333333,10.15276,
2024-02-23,1,596.0,107.44601666666667,10.04302,
2024-03-07,1,472.0,88.48568333333333,7.8463199999999995,
2024-03-08,2,504.0,94.64009999999999,8.18628,
2024-03-09,1,478.0,84.8332,8.07082,
2024-03-12,1,517.0,97.92546666666667,8.3466,
2024-03-13,1,314.0,59.5789,5.022390000000001,
2024-03-14,1,454.0,92.34813333333334,6.5356499999999995,
2024-03-25,1,109.39769,21.991483333333335,1.6417043,
2024-04-19,1,70.13934,12.99925,1.0025156,
2024-04-20,1,61.477783,10.99495,0.8773905999999999,
2024-04-25,1,57.05591,10.999483333333334,0.81497797,
2024-05-04,1,117.05145,20.997033333333334,1.6800527,
2024-05-09,1,70.52765,12.992016666666666,1.01766797,
2024-05-16,1,209.80591,37.994,3.0399668,
2024-06-07,1,128.73999,29.995783333333332,1.9423081,
2024-06-08,1,61.54431,10.6953,0.86706445,
2024-06-20,2,140.72888,23.667250000000003,2.0258359,
2024-07-09,1,186.29521,37.0,2.6304160000000003,
2024-07-11,1,264.07693,47.711133333333336,3.8211016,
2024-07-17,1,53.95215,10.945966666666667,0.7711406,
2024-07-19,1,326.1333,62.99725,4.626042999999999,
2024-07-23,2,365.92872600000004,66.99668333333334,5.2970654,
2024-08-09,1,94.73387,18.294016666666668,1.4537902999999999,
2024-08-12,1,65.68506,11.759033333333333,0.9502206999999999,
2024-08-20,1,98.01428,17.93995,1.4156396,
2024-08-21,1,54.795044,10.9985,0.7995293,
2024-08-23,2,145.22277400000002,25.730533333333334,2.1033698,
2024-08-26,1,120.08065,20.529083333333332,1.6754459,
2024-08-27,1,182.3454,32.452466666666666,2.6998496,
2024-08-30,1,71.9848,13.997533333333333,1.0424258,
2024-09-03,1,74.67374,12.996083333333333,1.1066509,
2024-09-04,3,255.659118,44.79338333333333,3.6728613,
2024-09-05,1,130.62549,22.993033333333333,1.8926816,
2024-09-07,1,163.52515,29.994033333333334,2.357329,
2024-09-10,1,58.720947,10.9942,0.8416445300000001,
2024-09-11,2,328.97632,51.985033333333334,4.4128359,
2024-09-12,1,122.889404,22.9933,1.769832,
2024-09-13,1,160.80026,26.993966666666665,2.232519,
2024-09-14,2,835.63885,153.34986666666666,13.734565,
2024-09-16,1,62.802246,11.995383333333333,0.9165508,
2024-09-18,1,191.13086,36.99485,2.7413867,
2024-09-19,1,74.906555,13.99795,1.072374,
2024-09-23,1,58.05664,10.991666666666667,0.8406162,
2024-09-26,1,55.868164,10.992533333333334,0.81055664,
2024-10-02,1,102.35664,17.90025,1.4913044,
2024-10-04,1,170.28848,30.990866666666665,2.4607476000000004,
2024-10-05,2,187.58887,29.484483333333333,2.6679354999999996,
2024-10-07,1,146.26704,26.991233333333334,2.1131159999999998,
2024-10-09,3,492.02703999999994,92.66438333333333,7.084541,
2024-10-10,1,80.619995,14.971833333333333,1.1621699,
2024-10-15,1,70.276855,10.8749,0.96515625,
2024-10-16,1,102.865234,19.957,1.4892383,
2024-10-21,1,55.284416,10.887266666666667,0.8108506999999999,
2024-10-27,3,553.162483,81.87143333333333,7.431846300000001,
2024-11-06,1,117.37455,21.996016666666666,1.6878396,
2024-11-07,1,103.91739,20.999133333333333,1.4938345,
2024-11-08,3,339.316667,59.38681666666666,4.8977403,
2024-11-09,1,58.23236,10.998816666666666,0.8366963,
2024-12-26,1,79.449234,14.995016666666666,1.1606334999999999,
2025-01-02,1,182.67464,32.99248333333333,2.6498442,
2025-01-03,1,188.12227,32.990566666666666,2.7255522,
2025-01-10,1,77.90645,13.992816666666666,1.123918,
2025-01-11,1,142.36356,22.99865,1.9202207,
2025-01-12,2,125.395968,24.99025,1.80304836,
2025-01-13,1,63.33129,12.0,0.9046474600000001,
2025-01-14,1,176.66727,32.999633333333335,2.5436401,
2025-01-16,1,81.71912,15.0,1.1638920000000001,
2025-01-17,1,60.558304,11.0,0.8797389,
2025-01-29,1,54.333435,10.883033333333334,0.7967002,
2025-02-05,1,146.73895,26.0,2.1625495999999997,
2025-02-17,1,85.06468,16.5626,1.2509948,
2025-02-21,3,373.846026,39.3437,0.84751807,122.0
2025-02-22,2,194.088585,31.17725,2.5093636999999998,119.0
2025-02-24,5,760.107,97.27413333333334,3.38022,114.2
2025-02-25,4,325.09000000000003,38.331916666666665,2.45657,95.5
2025-02-26,2,236.83,26.315316666666668,0.89912,125.0
2025-02-28,5,409.82,53.343266666666665,2.92236,103.0
2025-03-01,2,158.66,20.975966666666668,0.0,108.0
2025-03-03,5,411.81,55.82156666666667,2.56195,110.8
2025-03-04,2,126.58835400000001,18.355150000000002,0.8632464599999999,124.0
2025-03-05,3,365.63,40.06563333333333,2.51078,122.33333333333333
2025-03-06,6,747.0,91.18993333333333,2.16675,119.16666666666667
2025-03-07,3,279.44,34.7579,1.72099,120.66666666666667
2025-03-08,2,1118.3200000000002,62.85228333333333,0.0,118.5
2025-03-09,2,266.0,30.63296666666667,2.3111900000000003,117.5
2025-03-11,1,121.0,15.448133333333333,0.99653,110.0
2025-03-12,4,420.0,58.96156666666667,4.207409999999999,110.25
2025-03-13,1,60.58,11.051466666666666,0.0,118.0
2025-03-16,1,94.0,12.257616666666667,0.56033,97.0
2025-03-17,1,69.0,10.484916666666667,0.60676,101.0
2025-03-18,1,85.703865,14.532666666666668,1.2686132,
2025-03-25,1,166.0,19.031266666666667,1.18762,109.0
2025-03-26,2,313.0,37.80526666666667,2.22878,118.0
2025-03-27,1,100.0,13.599,0.5977100000000001,110.0
2025-03-28,2,348.61329,51.93925,3.5140149999999997,106.0
2025-04-01,2,125.11,15.111966666666666,0.89361,103.0
2025-04-02,1,85.0,11.645233333333334,0.71712,103.0
2025-04-03,3,231.10783,33.13698333333333,1.6011476999999998,111.0
2025-04-04,1,84.0,10.605983333333333,0.6514099999999999,108.0
2025-04-06,3,296.0,38.38491666666667,2.74015,97.33333333333333
2025-04-07,2,194.0,24.385233333333332,1.7833300000000003,104.5
2025-04-09,3,390.0,50.78831666666667,3.74573,111.0
2025-04-10,2,220.0,29.075666666666667,1.8206000000000002,119.0
2025-04-11,3,297.85,35.541,1.9479799999999998,106.66666666666667
2025-04-13,2,431.0,56.08031666666666,3.9169199999999997,108.5
2025-04-15,3,374.0,45.469300000000004,3.0688999999999997,104.66666666666667
2025-04-16,4,387.884426,55.97855,2.7677465,117.33333333333333
2025-04-20,3,1027.871,129.81651666666667,10.487603,109.66666666666667
2025-04-21,3,581.908,60.72825,4.787819000000001,108.0
2025-04-22,5,489.37,61.85025,3.76961,112.8
2025-04-23,4,536.0,73.70926666666666,4.925050000000001,102.0
2025-04-24,3,349.2,39.58578333333334,2.03805,108.0
2025-04-25,5,622.6800000000001,67.7013,4.4319500000000005,113.2
2025-04-28,2,216.0,27.576800000000002,1.6799,100.5
2025-04-30,1,91.0,11.636866666666666,0.80101,102.0
2025-05-01,3,287.0,38.663466666666665,2.77747,110.0
2025-05-07,1,112.235985,21.0,1.5618094,
2025-05-14,1,107.40952,18.99765,1.5233262,
2025-05-25,2,670.0,93.98153333333333,6.7505999999999995,109.5
2025-05-27,2,429.0,58.53145,3.92269,106.5
2025-05-28,1,85.0,11.785066666666667,0.6848200000000001,101.0
2025-06-04,2,552.0,74.59498333333333,5.371980000000001,112.0
2025-06-05,2,484.0,65.41306666666667,4.87186,111.5
2025-06-08,2,295.01273000000003,39.917433333333335,3.1714492699999997,115.0
2025-06-09,1,88.0,11.734983333333334,0.75313,112.0
2025-06-14,2,368.573013,51.56965,3.99410986,114.0
2025-06-15,2,558.4910600000001,74.01995,6.2719889,121.0
2025-06-16,2,200.52,21.83325,1.1504100000000002,110.5
2025-06-17,3,246.93,29.825416666666666,1.75389,108.33333333333333
2025-06-18,3,195.45,25.599866666666667,1.48267,108.0
2025-06-20,1,88.0,10.602116666666667,0.56659,105.0
2025-06-21,1,113.0,13.199666666666667,0.87346,102.0
2025-06-22,1,82.0,11.3033,0.56663,96.0
2025-06-23,2,121.6,10.434666666666667,0.0,117.5
2025-06-24,6,487.182,59.90716666666667,3.09781,107.66666666666667
2025-06-25,6,1033.8600000000001,132.43553333333335,5.69546,107.5
2025-06-27,2,199.23000000000002,24.0375,0.98478,122.0
2025-06-28,1,102.0,13.137916666666667,0.78185,101.0
2025-06-30,3,332.05,36.77121666666667,1.0222,120.33333333333333
2025-07-01,5,535.18337,70.88065,3.5226138000000002,121.0
2025-07-02,2,293.78,36.87945,0.8835599999999999,107.0
2025-07-03,3,343.99,41.90508333333333,0.93578,111.66666666666667
2025-07-04,5,860.84056,122.20023333333334,8.618832,101.75
2025-07-06,2,185.31778,27.060283333333334,1.97700525,101.0
2025-07-07,6,1015.297225,141.94273333333334,9.938926299999999,111.25
2025-07-08,4,451.0,51.96025,3.3181599999999998,108.5
2025-07-09,5,581.0,68.80011666666667,4.54543,109.6
2025-07-12,2,185.04000000000002,26.89053333333333,0.74066,111.0
2025-07-13,2,173.25590499999998,26.74915,2.0321221,103.0
2025-07-14,4,552.34,73.17328333333333,4.73032,111.75
2025-07-15,1,89.0,11.55865,0.6721699999999999,98.0
2025-07-16,1,71.0,10.374316666666667,0.5424,109.0
2025-07-17,2,200.51,29.160316666666667,0.7842,110.5
2025-07-25,2,372.0,42.554116666666665,2.61904,104.5
2025-07-26,1,81.0,10.832433333333332,0.56036,94.0
2025-07-27,3,521.7289900000001,86.6753,6.3070347,111.0
2025-07-28,2,251.34,28.4113,1.40399,118.5
2025-07-29,2,191.0,24.63061666666667,1.8392400000000002,103.5
2025-07-31,1,101.0,15.231616666666667,0.97468,109.0
2025-08-01,1,62.17354,10.998233333333333,0.87428345,
2025-08-03,3,292.0,39.822,2.6803,103.66666666666667
2025-08-04,2,211.0,28.229966666666666,1.85467,106.5
2025-08-05,4,577.09969,82.22765000000001,5.9269041,110.66666666666667
2025-08-07,1,123.0,16.917333333333332,1.00477,99.0
2025-08-09,10,1403.09,182.90141666666668,10.92362,105.6
2025-08-10,3,400.0,52.713766666666665,3.61294,115.33333333333333
2025-08-12,4,480.0,64.2185,4.118110000000001,105.5
2025-08-13,5,1222.30278,180.66436666666667,13.161799799999999,103.33333333333333
2025-08-14,3,301.0,40.22711666666667,2.51097,100.0
2025-08-17,2,177.0,23.194433333333336,1.58095,102.0
2025-08-22,2,546.0,74.6332,5.497160000000001,109.0
2025-08-23,2,323.0,41.53781666666667,2.6299599999999996,110.0
2025-08-24,1,73.0,10.736483333333334,0.52939,104.0
2025-08-25,4,806.64744,121.03653333333334,6.242970400000001,111.66666666666667
2025-08-28,4,459.766155,70.41213333333333,5.5468756599999995,109.0
2025-08-29,2,470.0,67.62968333333333,4.8652999999999995,106.5
2025-08-30,1,187.0,26.497833333333332,1.94992,115.0
2025-08-31,1,397.0,56.77151666666666,4.29767,112.0
2025-09-03,1,120.0,15.631333333333334,1.16678,104.0
2025-09-04,2,185.38,28.063166666666667,0.90703,105.0
2025-09-05,3,273.0,37.05983333333333,2.6682099999999997,107.0
2025-09-06,2,175.0,23.796166666666664,1.4868299999999999,98.0
2025-09-07,2,172.0,21.8062,1.50541,108.5
2025-09-08,3,371.0,43.73903333333333,3.28893,107.33333333333333
2025-09-09,2,436.0,51.133700000000005,3.38319,104.0
2025-09-10,2,268.0,33.03221666666667,2.13787,108.0
2025-09-12,5,629.0,81.71931666666667,5.3403599999999996,107.0
2025-09-13,2,166.0,22.916716666666666,1.4851199999999998,97.5
2025-09-16,1,139.28679,24.0,1.9589294,
2025-09-17,1,197.77,51.1136,0.0,120.0
2025-09-19,2,234.0,30.697833333333335,2.2112000000000003,117.0
2025-09-22,2,299.0,37.441433333333336,2.45783,109.0
2025-09-23,1,113.0,13.928716666666666,1.01739,104.0
2025-09-27,2,205.36,29.58898333333333,1.01192,107.5
2025-09-29,3,454.0,55.46426666666667,3.75772,101.0
2025-09-30,1,206.0,25.4749,1.75156,100.0
2025-10-01,4,808.0,89.29480000000001,6.93022,112.0
2025-10-02,3,585.89,65.9479,2.92497,122.66666666666667
2025-10-03,3,590.29677,87.0849,7.3490545,115.0
2025-10-04,4,796.0,103.53123333333333,7.846100000000001,110.5
2025-10-05,5,1452.264815,210.54846666666666,16.52911,111.0
2025-10-06,5,545.63,58.646483333333336,4.11221,120.0
2025-10-07,2,297.0,35.98981666666667,2.83927,104.0
2025-10-08,5,846.835365,103.69328333333334,8.03565134,114.75
2025-10-09,4,517.0,55.74698333333333,4.34833,107.5
2025-10-10,1,242.0,26.229283333333335,1.9838699999999998,106.0
2025-10-11,2,175.0,23.058933333333336,1.6200899999999998,98.0
2025-10-12,2,386.0,35.613083333333336,3.2685800000000005,118.5
2025-10-13,1,229.0,17.53405,1.7994,130.0
2025-10-14,5,797.0,94.16538333333332,6.75121,111.0
2025-10-15,2,457.0,46.30041666666666,3.8527899999999997,110.5
2025-10-16,1,233.0,21.54135,2.04231,121.0
2025-10-17,2,356.0,35.4574,3.19913,115.5
2025-10-18,2,240.0,31.173949999999998,2.1630700000000003,103.0
2025-10-20,4,477.0,57.58626666666667,4.464589999999999,113.0
2025-10-21,4,413.0,52.890883333333335,3.77471,103.0
2025-10-22,3,454.0,59.36946666666667,4.19705,114.0
2025-10-23,3,296.25,42.17695,2.07852,115.66666666666667
2025-10-24,2,325.0,44.11371666666666,3.00738,111.5
2025-10-25,3,266.63,39.64965,1.7059000000000002,110.33333333333333
2025-10-26,2,350.29544,55.12028333333333,3.9059437000000004,124.0
2025-10-27,3,353.0,48.20396666666667,3.41844,113.0
2025-10-28,1,159.0,23.255983333333333,1.65246,117.0
2025-10-29,4,530.49893,74.49928333333334,5.557273,108.0
2025-10-31,3,341.0,44.162083333333335,2.97961,107.33333333333333
2025-11-01,3,499.9,69.9179,3.96746,117.0
2025-11-02,3,348.0,43.0097,3.2999899999999998,115.0
2025-11-03,2,310.0,42.21795,2.9322600000000003,116.0
2025-11-04,4,661.86856,91.59375,7.2927596,111.0
2025-11-05,3,425.0,56.5801,3.9611400000000003,107.66666666666667
2025-11-06,4,589.0,77.29323333333333,5.35044,111.0
2025-11-07,3,384.0,50.82886666666667,3.45873,103.0
2025-11-08,3,290.0,35.660266666666665,2.53663,108.0
2025-11-10,2,325.0,42.63401666666667,2.85349,107.5
2025-11-11,1,151.0,16.701466666666665,0.93644,107.0
2025-11-12,3,647.0,84.87389999999999,5.71712,107.0
2025-11-13,1,111.0,14.367116666666666,1.0341500000000001,105.0
